,monitor_id,label,location,latitude,longitude,code,serial_number,last_calibrated,monitor_type_id,latest_reading_id,monitor_type,latest_reading,latest_averages,num_readings,current_rating
0,1996,Station 54,Carlow Town,52.839751,-6.931922,EPA-54,EPA-54,0000-00-00,23,321687734.0,"{'monitor_type_id': 23, 'name': 'Fidas 200', 'manufacturer': 'Palas', 'category': 'air', 'sample_code': '', 'sample_serial_number': ''}","{'air_reading_id': 321687734, 'monitor_id': 1996, 'project_id': 2399, 'recorded_at': '2022-02-21 16:30:00', 'pm10': 34.35, 'pm2_5': 18.83, 'no2': None, 'o3': None, 'so2': None, 'co': None, 'date': '21-02-2022', 'time': '16:30', 'secs_since': 165, 'time_since': '2 mins', 'status': 'green'}","{'pm10': {'start': '2022-02-20 16:01:00', 'end': '2022-02-21 16:00:00', 'value': 15.58, 'num_readings': 96, 'percentage_capture': 100, 'rating': 1}, 'pm2_5': {'start': '2022-02-20 16:01:00', 'end': '2022-02-21 16:00:00', 'value': 9.94, 'num_readings': 96, 'percentage_capture': 100, 'rating': 1}}",63705,1
1,2245,Station 78,Cavan Town,53.99356,-7.3628,EPA-78,EPA-78,0000-00-00,23,321667329.0,"{'monitor_type_id': 23, 'name': 'Fidas 200', 'manufacturer': 'Palas', 'category': 'air', 'sample_code': '', 'sample_serial_number': ''}","{'air_reading_id': 321667329, 'monitor_id': 2245, 'project_id': 2399, 'recorded_at': '2022-02-21 15:00:00', 'pm10': 25.7, 'pm2_5': 13.14, 'no2': None, 'o3': None, 'so2': None, 'co': None, 'date': '21-02-2022', 'time': '15:00', 'secs_since': 5565, 'time_since': '1 hour', 'status': 'green'}","{'pm10': {'start': '2022-02-20 15:01:00', 'end': '2022-02-21 15:00:00', 'value': 19.84, 'num_readings': 96, 'percentage_capture': 100, 'rating': 2}, 'pm2_5': {'start': '2022-02-20 15:01:00', 'end': '2022-02-21 15:00:00', 'value': 11.59, 'num_readings': 96, 'percentage_capture': 100, 'rating': 2}}",52778,2
2,1973,Station 25,"Ennis, Co. Clare",52.843206,-8.989332,EPA-25,EPA-25,0000-00-00,25,321683415.0,"{'monitor_type_id': 25, 'name': 'Multiple', 'manufacturer': 'Multiple', 'category': 'air', 'sample_code': '', 'sample_serial_number': ''}","{'air_reading_id': 321683415, 'monitor_id': 1973, 'project_id': 2399, 'recorded_at': '2022-02-21 15:00:00', 'pm10': 42.7157, 'pm2_5': 26.0601, 'no2': None, 'o3': None, 'so2': 4.9049, 'co': None, 'date': '21-02-2022', 'time': '15:00', 'secs_since': 5565, 'time_since': '1 hour', 'status': 'green'}","{'pm10': {'start': '2022-02-20 15:01:00', 'end': '2022-02-21 15:00:00', 'value': 31.95, 'num_readings': 96, 'percentage_capture': 100, 'rating': 2}, 'pm2_5': {'start': '2022-02-20 15:01:00', 'end': '2022-02-21 15:00:00', 'value': 19.63, 'num_readings': 96, 'percentage_capture': 100, 'rating': 2}, 'so2': {'start': '2022-02-21 14:01:00', 'end': '2022-02-21 15:00:00', 'value': 5.59, 'num_readings': 4, 'percentage_capture': 100, 'rating': 1}}",59440,2
3,2082,TNO3947,"Ennistymon, Co. Clare",52.9404719,-9.2944376,TNO3947,TNO3947,0000-00-00,19,321684916.0,"{'monitor_type_id': 19, 'name': 'Osiris', 'manufacturer': 'Turnkey', 'category': 'air', 'sample_code': 'TNO1234', 'sample_serial_number': 'TNO1234'}","{'air_reading_id': 321684916, 'monitor_id': 2082, 'project_id': 2497, 'recorded_at': '2022-02-21 16:15:00', 'pm10': 60.2, 'pm2_5': 49.63, 'no2': None, 'o3': None, 'so2': None, 'co': None, 'date': '21-02-2022', 'time': '16:15', 'secs_since': 1065, 'time_since': '17 mins', 'status': 'green'}","{'pm10': {'start': '2022-02-20 16:01:00', 'end': '2022-02-21 16:00:00', 'value': 39.47, 'num_readings': 95, 'percentage_capture': 98, 'rating': 3}, 'pm2_5': {'start': '2022-02-20 16:01:00', 'end': '2022-02-21 16:00:00', 'value': 34.74, 'num_readings': 95, 'percentage_capture': 98, 'rating': 3}}",73632,3
4,2002,Station 60,"Cobh Carrignafoy, Co. Cork",51.855057,-8.287827,EPA-60,EPA-60,0000-00-00,23,321683513.0,"{'monitor_type_id': 23, 'name': 'Fidas 200', 'manufacturer': 'Palas', 'category': 'air', 'sample_code': '', 'sample_serial_number': ''}","{'air_reading_id': 321683513, 'monitor_id': 2002, 'project_id': 2399, 'recorded_at': '2022-02-21 15:00:00', 'pm10': 29.038, 'pm2_5': 14.4841, 'no2': None, 'o3': None, 'so2': None, 'co': None, 'date': '21-02-2022', 'time': '15:00', 'secs_since': 5565, 'time_since': '1 hour', 'status': 'green'}","{'pm10': {'start': '2022-02-20 15:01:00', 'end': '2022-02-21 15:00:00', 'value': 22.27, 'num_readings': 96, 'percentage_capture': 100, 'rating': 2}, 'pm2_5': {'start': '2022-02-20 15:01:00', 'end': '2022-02-21 15:00:00', 'value': 12.93, 'num_readings': 96, 'percentage_capture': 100, 'rating': 2}}",63746,2
5,1978,Station 30,Munster Technological University,51.88411,-8.533192,EPA-30,EPA-30,0000-00-00,25,321683425.0,"{'monitor_type_id': 25, 'name': 'Multiple', 'manufacturer': 'Multiple', 'category': 'air', 'sample_code': '', 'sample_serial_number': ''}","{'air_reading_id': 321683425, 'monitor_id': 1978, 'project_id': 2399, 'recorded_at': '2022-02-21 16:00:00', 'pm10': None, 'pm2_5': None, 'no2': None, 'o3': 82.0233, 'so2': None, 'co': None, 'date': '21-02-2022', 'time': '16:00', 'secs_since': 1965, 'time_since': '32 mins', 'status': 'green'}","{'pm10': {'start': '2022-02-20 16:01:00', 'end': '2022-02-21 16:00:00', 'value': 29.43, 'num_readings': 22, 'percentage_capture': 22, 'rating': 0}, 'o3': {'start': '2022-02-21 08:01:00', 'end': '2022-02-21 16:00:00', 'value': 89.39, 'num_readings': 32, 'percentage_capture': 100, 'rating': 3}}",60038,3
6,2014,Station 72,Cork Harbour,51.849479,-8.297432,EPA-72,EPA-72,0000-00-00,25,321683557.0,"{'monitor_type_id': 25, 'name': 'Multiple', 'manufacturer': 'Multiple', 'category': 'air', 'sample_code': '', 'sample_serial_number': ''}","{'air_reading_id': 321683557, 'monitor_id': 2014, 'project_id': 2399, 'recorded_at': '2022-02-21 16:00:00', 'pm10': 35.3053, 'pm2_5': None, 'no2': None, 'o3': None, 'so2': 13.4819, 'co': None, 'date': '21-02-2022', 'time': '16:00', 'secs_since': 1965, 'time_since': '32 mins', 'status': 'green'}","{'pm10': {'start': '2022-02-20 16:01:00', 'end': '2022-02-21 16:00:00', 'value': 26.81, 'num_readings': 24, 'percentage_capture': 25, 'rating': 0}, 'so2': {'start': '2022-02-21 15:01:00', 'end': '2022-02-21 16:00:00', 'value': 12.84, 'num_readings': 4, 'percentage_capture': 100, 'rating': 1}}",63711,2
7,3786,Station 104,Cork Lower Glanmire Road,51.902915,-8.444393,EPA-104,EPA-104,0000-00-00,25,321683613.0,"{'monitor_type_id': 25, 'name': 'Multiple', 'manufacturer': 'Multiple', 'category': 'air', 'sample_code': '', 'sample_serial_number': ''}","{'air_reading_id': 321683613, 'monitor_id': 3786, 'project_id': 2399, 'recorded_at': '2022-02-21 16:00:00', 'pm10': None, 'pm2_5': None, 'no2': 52.1263, 'o3': 51.7884, 'so2': None, 'co': None, 'date': '21-02-2022', 'time': '16:00', 'secs_since': 1965, 'time_since': '32 mins', 'status': 'green'}","{'o3': {'start': '2022-02-21 08:01:00', 'end': '2022-02-21 16:00:00', 'value': 68.87, 'num_readings': 32, 'percentage_capture': 100, 'rating': 3}, 'no2': {'start': '2022-02-21 15:01:00', 'end': '2022-02-21 16:00:00', 'value': 45.51, 'num_readings': 4, 'percentage_capture': 100, 'rating': 1}}",1056,3
8,1963,Station 10 (Instrument Issue),"Heatherton Park, Cork",51.881867,-8.457129,EPA-10,EPA-10,0000-00-00,23,302964951.0,"{'monitor_type_id': 23, 'name': 'Fidas 200', 'manufacturer': 'Palas', 'category': 'air', 'sample_code': '', 'sample_serial_number': ''}","{'air_reading_id': 302964951, 'monitor_id': 1963, 'project_id': 2399, 'recorded_at': '2022-01-04 16:30:00', 'pm10': 0.0126, 'pm2_5': 0.0126, 'no2': None, 'o3': None, 'so2': None, 'co': None, 'date': '04-01-2022', 'time': '16:30', 'secs_since': 4147365, 'time_since': '1 month', 'status': 'red'}","{'pm10': {'start': '2022-01-03 16:01:00', 'end': '2022-01-04 16:00:00', 'value': 0.02, 'num_readings': 96, 'percentage_capture': 100}, 'pm2_5': {'start': '2022-01-03 16:01:00', 'end': '2022-01-04 16:00:00', 'value': 0.02, 'num_readings': 96, 'percentage_capture': 100}}",56424,0
9,2009,Station 67,"Macroom, Co. Cork",51.904843,-8.95249,EPA-67,EPA-67,0000-00-00,25,321683544.0,"{'monitor_type_id': 25, 'name': 'Multiple', 'manufacturer': 'Multiple', 'category': 'air', 'sample_code': '', 'sample_serial_number': ''}","{'air_reading_id': 321683544, 'monitor_id': 2009, 'project_id': 2399, 'recorded_at': '2022-02-21 16:00:00', 'pm10': 23.58, 'pm2_5': 12.07, 'no2': None, 'o3': None, 'so2': None, 'co': None, 'date': '21-02-2022', 'time': '16:00', 'secs_since': 1965, 'time_since': '32 mins', 'status': 'green'}","{'pm10': {'start': '2022-02-20 16:01:00', 'end': '2022-02-21 16:00:00', 'value': 25.15, 'num_readings': 96, 'percentage_capture': 100, 'rating': 2}, 'pm2_5': {'start': '2022-02-20 16:01:00', 'end': '2022-02-21 16:00:00', 'value': 14.69, 'num_readings': 96, 'percentage_capture': 100, 'rating': 2}}",63709,2
10,2502,Station 82,"Mallow, Co. Cork",52.1340485,-8.640705,EPA-82,EPA-82,0000-00-00,25,321683581.0,"{'monitor_type_id': 25, 'name': 'Multiple', 'manufacturer': 'Multiple', 'category': 'air', 'sample_code': '', 'sample_serial_number': ''}","{'air_reading_id': 321683581, 'monitor_id': 2502, 'project_id': 2399, 'recorded_at': '2022-02-21 15:45:00', 'pm10': 35.4646, 'pm2_5': 13.9566, 'no2': 32.5614, 'o3': 55.425, 'so2': None, 'co': None, 'date': '21-02-2022', 'time': '15:45', 'secs_since': 2865, 'time_since': '47 mins', 'status': 'green'}","{'pm10': {'start': '2022-02-20 15:01:00', 'end': '2022-02-21 15:00:00', 'value': 26.15, 'num_readings': 96, 'percentage_capture': 100, 'rating': 2}, 'pm2_5': {'start': '2022-02-20 15:01:00', 'end': '2022-02-21 15:00:00', 'value': 13.71, 'num_readings': 96, 'percentage_capture': 100, 'rating': 2}, 'o3': {'start': '2022-02-21 07:01:00', 'end': '2022-02-21 15:00:00', 'value': 69.89, 'num_readings': 32, 'percentage_capture': 100, 'rating': 3}, 'no2': {'start': '2022-02-21 14:01:00', 'end': '2022-02-21 15:00:00', 'value': 29.83, 'num_readings': 4, 'percentage_capture': 100, 'rating': 1}}",39060,3
11,1998,Station 56,"South Link Road, Cork",51.878524,-8.465053,EPA-56,EPA-56,0000-00-00,25,321651126.0,"{'monitor_type_id': 25, 'name': 'Multiple', 'manufacturer': 'Multiple', 'category': 'air', 'sample_code': '', 'sample_serial_number': ''}","{'air_reading_id': 321651126, 'monitor_id': 1998, 'project_id': 2399, 'recorded_at': '2022-02-21 14:00:00', 'pm10': 41, 'pm2_5': None, 'no2': 25.5255, 'o3': 47.9411, 'so2': -3.9707, 'co': 0.39580000000000004, 'date': '21-02-2022', 'time': '14:00', 'secs_since': 9165, 'time_since': '2 hours', 'status': 'green'}","{'pm10': {'start': '2022-02-20 14:01:00', 'end': '2022-02-21 14:00:00', 'value': 21.63, 'num_readings': 96, 'percentage_capture': 100, 'rating': 2}, 'o3': {'start': '2022-02-21 06:01:00', 'end': '2022-02-21 14:00:00', 'value': 61.99, 'num_readings': 32, 'percentage_capture': 100, 'rating': 2}, 'no2': {'start': '2022-02-21 13:01:00', 'end': '2022-02-21 14:00:00', 'value': 25.85, 'num_readings': 4, 'percentage_capture': 100, 'rating': 1}, 'so2': {'start': '2022-02-21 13:01:00', 'end': '2022-02-21 14:00:00', 'value': -4.06, 'num_readings': 4, 'percentage_capture': 100, 'rating': 1}, 'co': {'start': '2022-02-21 13:01:00', 'end': '2022-02-21 14:00:00', 'value': 0.36, 'num_readings': 4, 'percentage_capture': 100, 'rating': None}}",62699,2
12,1969,Station 21,University College Cork,51.900018,-8.486343,EPA-21,EPA-21,0000-00-00,25,321683399.0,"{'monitor_type_id': 25, 'name': 'Multiple', 'manufacturer': 'Multiple', 'category': 'air', 'sample_code': '', 'sample_serial_number': ''}","{'air_reading_id': 321683399, 'monitor_id': 1969, 'project_id': 2399, 'recorded_at': '2022-02-21 15:00:00', 'pm10': None, 'pm2_5': 7, 'no2': 5.372, 'o3': 95.1461, 'so2': None, 'co': None, 'date': '21-02-2022', 'time': '15:00', 'secs_since': 5565, 'time_since': '1 hour', 'status': 'green'}","{'pm2_5': {'start': '2022-02-20 15:01:00', 'end': '2022-02-21 15:00:00', 'value': 9.44, 'num_readings': 96, 'percentage_capture': 100, 'rating': 1}, 'o3': {'start': '2022-02-21 07:01:00', 'end': '2022-02-21 15:00:00', 'value': 100.2, 'num_readings': 32, 'percentage_capture': 100, 'rating': 3}, 'no2': {'start': '2022-02-21 14:01:00', 'end': '2022-02-21 15:00:00', 'value': 4.2, 'num_readings': 4, 'percentage_capture': 100, 'rating': 1}}",63598,4
13,2088,TNO3955,"Buncranna, Co. Donegal",55.137443,-7.456503,TNO3955,TNO3955,0000-00-00,19,321684953.0,"{'monitor_type_id': 19, 'name': 'Osiris', 'manufacturer': 'Turnkey', 'category': 'air', 'sample_code': 'TNO1234', 'sample_serial_number': 'TNO1234'}","{'air_reading_id': 321684953, 'monitor_id': 2088, 'project_id': 2497, 'recorded_at': '2022-02-21 16:15:00', 'pm10': 29.7, 'pm2_5': 26.46, 'no2': None, 'o3': None, 'so2': None, 'co': None, 'date': '21-02-2022', 'time': '16:15', 'secs_since': 1065, 'time_since': '17 mins', 'status': 'green'}","{'pm10': {'start': '2022-02-20 16:01:00', 'end': '2022-02-21 16:00:00', 'value': 34.2, 'num_readings': 95, 'percentage_capture': 98, 'rating': 3}, 'pm2_5': {'start': '2022-02-20 16:01:00', 'end': '2022-02-21 16:00:00', 'value': 32.28, 'num_readings': 95, 'percentage_capture': 98, 'rating': 3}}",71490,3
14,2006,Station 64,"Letterkenny, Co. Donegal",54.954644,-7.734842,EPA-64,EPA-64,0000-00-00,25,321683533.0,"{'monitor_type_id': 25, 'name': 'Multiple', 'manufacturer': 'Multiple', 'category': 'air', 'sample_code': '', 'sample_serial_number': ''}","{'air_reading_id': 321683533, 'monitor_id': 2006, 'project_id': 2399, 'recorded_at': '2022-02-21 16:00:00', 'pm10': 25.8703, 'pm2_5': 13.7277, 'no2': None, 'o3': None, 'so2': 3.5597, 'co': None, 'date': '21-02-2022', 'time': '16:00', 'secs_since': 1965, 'time_since': '32 mins', 'status': 'green'}","{'pm10': {'start': '2022-02-20 16:01:00', 'end': '2022-02-21 16:00:00', 'value': 24.67, 'num_readings': 96, 'percentage_capture': 100, 'rating': 2}, 'pm2_5': {'start': '2022-02-20 16:01:00', 'end': '2022-02-21 16:00:00', 'value': 14.26, 'num_readings': 96, 'percentage_capture': 100, 'rating': 2}, 'so2': {'start': '2022-02-21 15:01:00', 'end': '2022-02-21 16:00:00', 'value': 3.7800000000000002, 'num_readings': 4, 'percentage_capture': 100, 'rating': 1}}",63731,2
15,1975,Station 27 (Protracted Communication Issue),"Malin Head, Co. Donegal",55.372036,-7.339224,EPA-27,EPA-27,0000-00-00,25,268346044.0,"{'monitor_type_id': 25, 'name': 'Multiple', 'manufacturer': 'Multiple', 'category': 'air', 'sample_code': '', 'sample_serial_number': ''}","{'air_reading_id': 268346044, 'monitor_id': 1975, 'project_id': 2399, 'recorded_at': '2021-09-29 18:00:00', 'pm10': None, 'pm2_5': None, 'no2': None, 'o3': 48.7749, 'so2': None, 'co': None, 'date': '29-09-2021', 'time': '18:00', 'secs_since': 12526365, 'time_since': '5 months', 'status': 'red'}","{'o3': {'start': '2021-09-29 10:01:00', 'end': '2021-09-29 18:00:00', 'value': 66.09, 'num_readings': 5, 'percentage_capture': 62}}",14819,0
16,2132,TNO2579,"Amiens Street, Dublin 1",53.352988,-6.248738,TNO2579-EPA,TNO2579-EPA,0000-00-00,19,321686599.0,"{'monitor_type_id': 19, 'name': 'Osiris', 'manufacturer': 'Turnkey', 'category': 'air', 'sample_code': 'TNO1234', 'sample_serial_number': 'TNO1234'}","{'air_reading_id': 321686599, 'monitor_id': 2132, 'project_id': 2497, 'recorded_at': '2022-02-21 16:15:00', 'pm10': 21.2, 'pm2_5': 17.11, 'no2': None, 'o3': None, 'so2': None, 'co': None, 'date': '21-02-2022', 'time': '16:15', 'secs_since': 1065, 'time_since': '17 mins', 'status': 'green'}","{'pm10': {'start': '2022-02-20 16:01:00', 'end': '2022-02-21 16:00:00', 'value': 15.04, 'num_readings': 95, 'percentage_capture': 98, 'rating': 1}, 'pm2_5': {'start': '2022-02-20 16:01:00', 'end': '2022-02-21 16:00:00', 'value': 14.35, 'num_readings': 95, 'percentage_capture': 98, 'rating': 2}}",73471,2
17,1992,Station 50,"Ballyfermot, Dublin 10",53.340159,-6.351706,EPA-50,EPA-50,0000-00-00,25,321683470.0,"{'monitor_type_id': 25, 'name': 'Multiple', 'manufacturer': 'Multiple', 'category': 'air', 'sample_code': '', 'sample_serial_number': ''}","{'air_reading_id': 321683470, 'monitor_id': 1992, 'project_id': 2399, 'recorded_at': '2022-02-21 15:30:00', 'pm10': 18.0969, 'pm2_5': 11.2299, 'no2': 6.6746, 'o3': None, 'so2': None, 'co': None, 'date': '21-02-2022', 'time': '15:30', 'secs_since': 3765, 'time_since': '1 hour', 'status': 'green'}","{'pm10': {'start': '2022-02-20 15:01:00', 'end': '2022-02-21 15:00:00', 'value': 15.16, 'num_readings': 96, 'percentage_capture': 100, 'rating': 1}, 'pm2_5': {'start': '2022-02-20 15:01:00', 'end': '2022-02-21 15:00:00', 'value': 9.94, 'num_readings': 96, 'percentage_capture': 100, 'rating': 1}, 'no2': {'start': '2022-02-21 14:01:00', 'end': '2022-02-21 15:00:00', 'value': 5.74, 'num_readings': 4, 'percentage_capture': 100, 'rating': 1}}",63670,1
18,2130,TNT1296,"Ballymun Library, Dublin 9",53.390433,-6.26527,TNT1296-EPA,TNT1296-EPA,0000-00-00,27,321686577.0,"{'monitor_type_id': 27, 'name': 'Topas', 'manufacturer': 'Turnkey', 'category': 'air', 'sample_code': 'TNT1234', 'sample_serial_number': 'TNT1234'}","{'air_reading_id': 321686577, 'monitor_id': 2130, 'project_id': 2497, 'recorded_at': '2022-02-21 16:15:00', 'pm10': 15.6, 'pm2_5': 14.08, 'no2': None, 'o3': None, 'so2': None, 'co': None, 'date': '21-02-2022', 'time': '16:15', 'secs_since': 1065, 'time_since': '17 mins', 'status': 'green'}","{'pm10': {'start': '2022-02-20 16:01:00', 'end': '2022-02-21 16:00:00', 'value': 10.91, 'num_readings': 96, 'percentage_capture': 100, 'rating': 1}, 'pm2_5': {'start': '2022-02-20 16:01:00', 'end': '2022-02-21 16:00:00', 'value': 10.84, 'num_readings': 96, 'percentage_capture': 100, 'rating': 1}}",252590,1
19,1977,Station 29,"Blanchardstown, Dublin 15",53.38539,-6.369211,EPA-29,EPA-29,0000-00-00,25,321683421.0,"{'monitor_type_id': 25, 'name': 'Multiple', 'manufacturer': 'Multiple', 'category': 'air', 'sample_code': '', 'sample_serial_number': ''}","{'air_reading_id': 321683421, 'monitor_id': 1977, 'project_id': 2399, 'recorded_at': '2022-02-21 16:00:00', 'pm10': 21.1482, 'pm2_5': 9.8575, 'no2': 4.5454, 'o3': None, 'so2': None, 'co': None, 'date': '21-02-2022', 'time': '16:00', 'secs_since': 1965, 'time_since': '32 mins', 'status': 'green'}","{'pm10': {'start': '2022-02-20 16:01:00', 'end': '2022-02-21 16:00:00', 'value': 14.79, 'num_readings': 96, 'percentage_capture': 100, 'rating': 1}, 'pm2_5': {'start': '2022-02-20 16:01:00', 'end': '2022-02-21 16:00:00', 'value': 9.3, 'num_readings': 96, 'percentage_capture': 100, 'rating': 1}, 'no2': {'start': '2022-02-21 15:01:00', 'end': '2022-02-21 16:00:00', 'value': 5.63, 'num_readings': 4, 'percentage_capture': 100, 'rating': 1}}",63626,1
20,1981,Station 33,"Clonskeagh, Dublin 14",53.311783,-6.235325,EPA-33,EPA-33,0000-00-00,25,321683426.0,"{'monitor_type_id': 25, 'name': 'Multiple', 'manufacturer': 'Multiple', 'category': 'air', 'sample_code': '', 'sample_serial_number': ''}","{'air_reading_id': 321683426, 'monitor_id': 1981, 'project_id': 2399, 'recorded_at': '2022-02-21 16:00:00', 'pm10': 17.93, 'pm2_5': 9.775, 'no2': None, 'o3': 72.6529, 'so2': None, 'co': None, 'date': '21-02-2022', 'time': '16:00', 'secs_since': 1965, 'time_since': '32 mins', 'status': 'green'}","{'pm10': {'start': '2022-02-20 16:01:00', 'end': '2022-02-21 16:00:00', 'value': 15.1, 'num_readings': 96, 'percentage_capture': 100, 'rating': 1}, 'pm2_5': {'start': '2022-02-20 16:01:00', 'end': '2022-02-21 16:00:00', 'value': 9.57, 'num_readings': 96, 'percentage_capture': 100, 'rating': 1}, 'o3': {'start': '2022-02-21 08:01:00', 'end': '2022-02-21 16:00:00', 'value': 72.27, 'num_readings': 8, 'percentage_capture': 25, 'rating': 0}}",46798,3
21,2444,TNO4435,"Coolock, Dublin 5",53.390542,-6.202395,TNO4435-EPA,TNO4435-EPA,0000-00-00,19,321686537.0,"{'monitor_type_id': 19, 'name': 'Osiris', 'manufacturer': 'Turnkey', 'category': 'air', 'sample_code': 'TNO1234', 'sample_serial_number': 'TNO1234'}","{'air_reading_id': 321686537, 'monitor_id': 2444, 'project_id': 2497, 'recorded_at': '2022-02-21 16:15:00', 'pm10': 20.2, 'pm2_5': 14.71, 'no2': None, 'o3': None, 'so2': None, 'co': None, 'date': '21-02-2022', 'time': '16:15', 'secs_since': 1066, 'time_since': '17 mins', 'status': 'green'}","{'pm10': {'start': '2022-02-20 16:01:00', 'end': '2022-02-21 16:00:00', 'value': 17.74, 'num_readings': 96, 'percentage_capture': 100, 'rating': 2}, 'pm2_5': {'start': '2022-02-20 16:01:00', 'end': '2022-02-21 16:00:00', 'value': 15.2, 'num_readings': 96, 'percentage_capture': 100, 'rating': 2}}",43340,2
22,3740,TNO4323,"Custom House Quay, Dublin 1",53.347863,-6.243785,TNO4323-EPA,TNO4323-EPA,,19,321686614.0,"{'monitor_type_id': 19, 'name': 'Osiris', 'manufacturer': 'Turnkey', 'category': 'air', 'sample_code': 'TNO1234', 'sample_serial_number': 'TNO1234'}","{'air_reading_id': 321686614, 'monitor_id': 3740, 'project_id': 2497, 'recorded_at': '2022-02-21 16:15:00', 'pm10': 0.2, 'pm2_5': 0.30000000000000004, 'no2': None, 'o3': None, 'so2': None, 'co': None, 'date': '21-02-2022', 'time': '16:15', 'secs_since': 1066, 'time_since': '17 mins', 'status': 'green'}","{'pm10': {'start': '2022-02-20 16:01:00', 'end': '2022-02-21 16:00:00', 'value': 0.30000000000000004, 'num_readings': 96, 'percentage_capture': 100, 'rating': 1}, 'pm2_5': {'start': '2022-02-20 16:01:00', 'end': '2022-02-21 16:00:00', 'value': 0.37, 'num_readings': 96, 'percentage_capture': 100, 'rating': 1}}",35261,1
23,1991,Station 49,"Davitt Road, Inchicore, Dublin 12",53.336258,-6.309002,EPA-49,EPA-49,0000-00-00,25,321667251.0,"{'monitor_type_id': 25, 'name': 'Multiple', 'manufacturer': 'Multiple', 'category': 'air', 'sample_code': '', 'sample_serial_number': ''}","{'air_reading_id': 321667251, 'monitor_id': 1991, 'project_id': 2399, 'recorded_at': '2022-02-21 14:00:00', 'pm10': 22.7717, 'pm2_5': 10.8722, 'no2': 17.5397, 'o3': None, 'so2': None, 'co': None, 'date': '21-02-2022', 'time': '14:00', 'secs_since': 9166, 'time_since': '2 hours', 'status': 'green'}","{'pm10': {'start': '2022-02-20 14:01:00', 'end': '2022-02-21 14:00:00', 'value': 14.88, 'num_readings': 96, 'percentage_capture': 100, 'rating': 1}, 'pm2_5': {'start': '2022-02-20 14:01:00', 'end': '2022-02-21 14:00:00', 'value': 9.47, 'num_readings': 96, 'percentage_capture': 100, 'rating': 1}, 'no2': {'start': '2022-02-21 13:01:00', 'end': '2022-02-21 14:00:00', 'value': 13.12, 'num_readings': 4, 'percentage_capture': 100, 'rating': 1}}",63708,1
24,2090,TNO4158,"Deansgrange, Co. Dublin",53.286763,-6.173349,TNO4158,TNO4158,0000-00-00,19,321684965.0,"{'monitor_type_id': 19, 'name': 'Osiris', 'manufacturer': 'Turnkey', 'category': 'air', 'sample_code': 'TNO1234', 'sample_serial_number': 'TNO1234'}","{'air_reading_id': 321684965, 'monitor_id': 2090, 'project_id': 2497, 'recorded_at': '2022-02-21 16:15:00', 'pm10': 18, 'pm2_5': 16.92, 'no2': None, 'o3': None, 'so2': None, 'co': None, 'date': '21-02-2022', 'time': '16:15', 'secs_since': 1066, 'time_since': '17 mins', 'status': 'green'}","{'pm10': {'start': '2022-02-20 16:01:00', 'end': '2022-02-21 16:00:00', 'value': 17.92, 'num_readings': 89, 'percentage_capture': 92, 'rating': 2}, 'pm2_5': {'start': '2022-02-20 16:01:00', 'end': '2022-02-21 16:00:00', 'value': 17.73, 'num_readings': 89, 'percentage_capture': 92, 'rating': 2}}",49863,2
25,3743,TNO4325,"Drumcondra Library, Dublin 9",53.369894,-6.259124,TNO4325-EPA,TNO4325-EPA,0000-00-00,19,321678329.0,"{'monitor_type_id': 19, 'name': 'Osiris', 'manufacturer': 'Turnkey', 'category': 'air', 'sample_code': 'TNO1234', 'sample_serial_number': 'TNO1234'}","{'air_reading_id': 321678329, 'monitor_id': 3743, 'project_id': 2497, 'recorded_at': '2022-02-21 15:45:00', 'pm10': 14.7, 'pm2_5': 13.36, 'no2': None, 'o3': None, 'so2': None, 'co': None, 'date': '21-02-2022', 'time': '15:45', 'secs_since': 2866, 'time_since': '47 mins', 'status': 'green'}","{'pm10': {'start': '2022-02-20 15:01:00', 'end': '2022-02-21 15:00:00', 'value': 16.36, 'num_readings': 96, 'percentage_capture': 100, 'rating': 1}, 'pm2_5': {'start': '2022-02-20 15:01:00', 'end': '2022-02-21 15:00:00', 'value': 15.59, 'num_readings': 96, 'percentage_capture': 100, 'rating': 2}}",44767,2
26,1997,Station 55,"Dublin Airport, Swords, Co. Dublin",53.426139,-6.239127,EPA-55,EPA-55,0000-00-00,25,321683501.0,"{'monitor_type_id': 25, 'name': 'Multiple', 'manufacturer': 'Multiple', 'category': 'air', 'sample_code': '', 'sample_serial_number': ''}","{'air_reading_id': 321683501, 'monitor_id': 1997, 'project_id': 2399, 'recorded_at': '2022-02-21 15:00:00', 'pm10': 17.387, 'pm2_5': 9.9997, 'no2': 2.8750999999999998, 'o3': 63.1351, 'so2': 5.6086, 'co': 0.2328, 'date': '21-02-2022', 'time': '15:00', 'secs_since': 5566, 'time_since': '1 hour', 'status': 'green'}","{'pm10': {'start': '2022-02-20 15:01:00', 'end': '2022-02-21 15:00:00', 'value': 12.93, 'num_readings': 96, 'percentage_capture': 100, 'rating': 1}, 'pm2_5': {'start': '2022-02-20 15:01:00', 'end': '2022-02-21 15:00:00', 'value': 8.68, 'num_readings': 96, 'percentage_capture': 100, 'rating': 1}, 'o3': {'start': '2022-02-21 07:01:00', 'end': '2022-02-21 15:00:00', 'value': 64.31, 'num_readings': 32, 'percentage_capture': 100, 'rating': 2}, 'no2': {'start': '2022-02-21 14:01:00', 'end': '2022-02-21 15:00:00', 'value': 3.69, 'num_readings': 4, 'percentage_capture': 100, 'rating': 1}, 'so2': {'start': '2022-02-21 14:01:00', 'end': '2022-02-21 15:00:00', 'value': 4.73, 'num_readings': 4, 'percentage_capture': 100, 'rating': 1}, 'co': {'start': '2022-02-21 14:01:00', 'end': '2022-02-21 15:00:00', 'value': 0.23, 'num_readings': 4, 'percentage_capture': 100, 'rating': None}}",57715,2
27,2018,Station 76,"Dublin Port, Dublin 1",53.351627,-6.203812,EPA-76,EPA-76,0000-00-00,25,321683574.0,"{'monitor_type_id': 25, 'name': 'Multiple', 'manufacturer': 'Multiple', 'category': 'air', 'sample_code': '', 'sample_serial_number': ''}","{'air_reading_id': 321683574, 'monitor_id': 2018, 'project_id': 2399, 'recorded_at': '2022-02-21 16:00:00', 'pm10': 36.9427, 'pm2_5': 11.8198, 'no2': 41.7053, 'o3': None, 'so2': -1.156, 'co': None, 'date': '21-02-2022', 'time': '16:00', 'secs_since': 1966, 'time_since': '32 mins', 'status': 'green'}","{'pm10': {'start': '2022-02-20 16:01:00', 'end': '2022-02-21 16:00:00', 'value': 19.19, 'num_readings': 96, 'percentage_capture': 100, 'rating': 2}, 'pm2_5': {'start': '2022-02-20 16:01:00', 'end': '2022-02-21 16:00:00', 'value': 10.29, 'num_readings': 96, 'percentage_capture': 100, 'rating': 1}, 'no2': {'start': '2022-02-21 15:01:00', 'end': '2022-02-21 16:00:00', 'value': 28.92, 'num_readings': 4, 'percentage_capture': 100, 'rating': 1}, 'so2': {'start': '2022-02-21 15:01:00', 'end': '2022-02-21 16:00:00', 'value': -1.5, 'num_readings': 4, 'percentage_capture': 100, 'rating': 1}}",61122,2
28,1982,Station 34,"Dún Laoghaire, Co. Dublin",53.285994,-6.132003,EPA-34,EPA-34,0000-00-00,25,321683430.0,"{'monitor_type_id': 25, 'name': 'Multiple', 'manufacturer': 'Multiple', 'category': 'air', 'sample_code': '', 'sample_serial_number': ''}","{'air_reading_id': 321683430, 'monitor_id': 1982, 'project_id': 2399, 'recorded_at': '2022-02-21 16:00:00', 'pm10': 18.1333, 'pm2_5': 10.0267, 'no2': 15.1279, 'o3': None, 'so2': None, 'co': None, 'date': '21-02-2022', 'time': '16:00', 'secs_since': 1966, 'time_since': '32 mins', 'status': 'green'}","{'pm10': {'start': '2022-02-20 16:01:00', 'end': '2022-02-21 16:00:00', 'value': 16.84, 'num_readings': 96, 'percentage_capture': 100, 'rating': 2}, 'pm2_5': {'start': '2022-02-20 16:01:00', 'end': '2022-02-21 16:00:00', 'value': 10.4, 'num_readings': 96, 'percentage_capture': 100, 'rating': 1}, 'no2': {'start': '2022-02-21 15:01:00', 'end': '2022-02-21 16:00:00', 'value': 16.05, 'num_readings': 4, 'percentage_capture': 100, 'rating': 1}}",63673,1
29,1988,Station 46,"Finglas, Dublin 11",53.390252,-6.305162,EPA-46,EPA-46,0000-00-00,23,321683454.0,"{'monitor_type_id': 23, 'name': 'Fidas 200', 'manufacturer': 'Palas', 'category': 'air', 'sample_code': '', 'sample_serial_number': ''}","{'air_reading_id': 321683454, 'monitor_id': 1988, 'project_id': 2399, 'recorded_at': '2022-02-21 16:00:00', 'pm10': 18.24, 'pm2_5': 9.067, 'no2': None, 'o3': None, 'so2': None, 'co': None, 'date': '21-02-2022', 'time': '16:00', 'secs_since': 1966, 'time_since': '32 mins', 'status': 'green'}","{'pm10': {'start': '2022-02-20 16:01:00', 'end': '2022-02-21 16:00:00', 'value': 13.58, 'num_readings': 96, 'percentage_capture': 100, 'rating': 1}, 'pm2_5': {'start': '2022-02-20 16:01:00', 'end': '2022-02-21 16:00:00', 'value': 8.43, 'num_readings': 96, 'percentage_capture': 100, 'rating': 1}}",63604,1
30,3578,TNO4324,"Lord Edward Street, Dublin 2",53.343628,-6.270197,TNO4324-EPA,TNO4324-EPA,0000-00-00,19,319501809.0,"{'monitor_type_id': 19, 'name': 'Osiris', 'manufacturer': 'Turnkey', 'category': 'air', 'sample_code': 'TNO1234', 'sample_serial_number': 'TNO1234'}","{'air_reading_id': 319501809, 'monitor_id': 3578, 'project_id': 2497, 'recorded_at': '2022-02-15 23:45:00', 'pm10': 5, 'pm2_5': 4.53, 'no2': None, 'o3': None, 'so2': None, 'co': None, 'date': '15-02-2022', 'time': '23:45', 'secs_since': 492466, 'time_since': '5 days', 'status': 'red'}","{'pm10': {'start': '2022-02-14 23:01:00', 'end': '2022-02-15 23:00:00', 'value': 5.66, 'num_readings': 96, 'percentage_capture': 100}, 'pm2_5': {'start': '2022-02-14 23:01:00', 'end': '2022-02-15 23:00:00', 'value': 4.8, 'num_readings': 96, 'percentage_capture': 100}}",11360,0
31,1989,Station 47,"Marino, Dublin 3",53.368098,-6.22794,EPA-47,EPA-47,0000-00-00,23,321683458.0,"{'monitor_type_id': 23, 'name': 'Fidas 200', 'manufacturer': 'Palas', 'category': 'air', 'sample_code': '', 'sample_serial_number': ''}","{'air_reading_id': 321683458, 'monitor_id': 1989, 'project_id': 2399, 'recorded_at': '2022-02-21 16:00:00', 'pm10': 16.87, 'pm2_5': 9.472, 'no2': None, 'o3': None, 'so2': None, 'co': None, 'date': '21-02-2022', 'time': '16:00', 'secs_since': 1966, 'time_since': '32 mins', 'status': 'green'}","{'pm10': {'start': '2022-02-20 16:01:00', 'end': '2022-02-21 16:00:00', 'value': 17.04, 'num_readings': 96, 'percentage_capture': 100, 'rating': 2}, 'pm2_5': {'start': '2022-02-20 16:01:00', 'end': '2022-02-21 16:00:00', 'value': 10.46, 'num_readings': 96, 'percentage_capture': 100, 'rating': 1}}",63411,1
32,2011,Station 69,"Pearse Street, Dublin 2",53.345053,-6.254344,EPA-69,EPA-69,0000-00-00,25,321667299.0,"{'monitor_type_id': 25, 'name': 'Multiple', 'manufacturer': 'Multiple', 'category': 'air', 'sample_code': '', 'sample_serial_number': ''}","{'air_reading_id': 321667299, 'monitor_id': 2011, 'project_id': 2399, 'recorded_at': '2022-02-21 14:00:00', 'pm10': 38.2102, 'pm2_5': 14.0582, 'no2': 31.8601, 'o3': 46.2293, 'so2': None, 'co': None, 'date': '21-02-2022', 'time': '14:00', 'secs_since': 9166, 'time_since': '2 hours', 'status': 'green'}","{'pm10': {'start': '2022-02-20 14:01:00', 'end': '2022-02-21 14:00:00', 'value': 16.22, 'num_readings': 96, 'percentage_capture': 100, 'rating': 1}, 'pm2_5': {'start': '2022-02-20 14:01:00', 'end': '2022-02-21 14:00:00', 'value': 9.51, 'num_readings': 96, 'percentage_capture': 100, 'rating': 1}, 'o3': {'start': '2022-02-21 06:01:00', 'end': '2022-02-21 14:00:00', 'value': 44.79, 'num_readings': 32, 'percentage_capture': 100, 'rating': 2}, 'no2': {'start': '2022-02-21 13:01:00', 'end': '2022-02-21 14:00:00', 'value': 34.05, 'num_readings': 4, 'percentage_capture': 100, 'rating': 1}}",62184,2
33,1990,Station 48,"Phoenix Park, Dublin 8",53.364641,-6.348076,EPA-48,EPA-48,0000-00-00,23,321683462.0,"{'monitor_type_id': 23, 'name': 'Fidas 200', 'manufacturer': 'Palas', 'category': 'air', 'sample_code': '', 'sample_serial_number': ''}","{'air_reading_id': 321683462, 'monitor_id': 1990, 'project_id': 2399, 'recorded_at': '2022-02-21 16:00:00', 'pm10': 18.4, 'pm2_5': 10.25, 'no2': None, 'o3': None, 'so2': None, 'co': None, 'date': '21-02-2022', 'time': '16:00', 'secs_since': 1966, 'time_since': '32 mins', 'status': 'green'}","{'pm10': {'start': '2022-02-20 16:01:00', 'end': '2022-02-21 16:00:00', 'value': 14.47, 'num_readings': 96, 'percentage_capture': 100, 'rating': 1}, 'pm2_5': {'start': '2022-02-20 16:01:00', 'end': '2022-02-21 16:00:00', 'value': 9.13, 'num_readings': 96, 'percentage_capture': 100, 'rating': 1}}",53917,1
34,1968,Station 17,"Ringsend, Dublin 4",53.341787,-6.226506,EPA-17,EPA-17,0000-00-00,25,321683393.0,"{'monitor_type_id': 25, 'name': 'Multiple', 'manufacturer': 'Multiple', 'category': 'air', 'sample_code': '', 'sample_serial_number': ''}","{'air_reading_id': 321683393, 'monitor_id': 1968, 'project_id': 2399, 'recorded_at': '2022-02-21 16:00:00', 'pm10': 21.5898, 'pm2_5': 10.3766, 'no2': 20.1301, 'o3': None, 'so2': 4.9818, 'co': None, 'date': '21-02-2022', 'time': '16:00', 'secs_since': 1966, 'time_since': '32 mins', 'status': 'green'}","{'pm10': {'start': '2022-02-20 16:01:00', 'end': '2022-02-21 16:00:00', 'value': 16.43, 'num_readings': 96, 'percentage_capture': 100, 'rating': 1}, 'pm2_5': {'start': '2022-02-20 16:01:00', 'end': '2022-02-21 16:00:00', 'value': 9.89, 'num_readings': 96, 'percentage_capture': 100, 'rating': 1}, 'no2': {'start': '2022-02-21 15:01:00', 'end': '2022-02-21 16:00:00', 'value': 16.63, 'num_readings': 4, 'percentage_capture': 100, 'rating': 1}, 'so2': {'start': '2022-02-21 15:01:00', 'end': '2022-02-21 16:00:00', 'value': 4.95, 'num_readings': 4, 'percentage_capture': 100, 'rating': 1}}",63435,1
35,1970,Station 22,"Rathmines, Dublin 6",53.322029,-6.267154,EPA-22,EPA-22,0000-00-00,25,321683401.0,"{'monitor_type_id': 25, 'name': 'Multiple', 'manufacturer': 'Multiple', 'category': 'air', 'sample_code': '', 'sample_serial_number': ''}","{'air_reading_id': 321683401, 'monitor_id': 1970, 'project_id': 2399, 'recorded_at': '2022-02-21 15:00:00', 'pm10': 12.8932, 'pm2_5': 8.0689, 'no2': 6.7809, 'o3': 63.6185, 'so2': 1.4546000000000001, 'co': None, 'date': '21-02-2022', 'time': '15:00', 'secs_since': 5566, 'time_since': '1 hour', 'status': 'green'}","{'pm10': {'start': '2022-02-20 15:01:00', 'end': '2022-02-21 15:00:00', 'value': 13.61, 'num_readings': 96, 'percentage_capture': 100, 'rating': 1}, 'pm2_5': {'start': '2022-02-20 15:01:00', 'end': '2022-02-21 15:00:00', 'value': 8.91, 'num_readings': 96, 'percentage_capture': 100, 'rating': 1}, 'o3': {'start': '2022-02-21 07:01:00', 'end': '2022-02-21 15:00:00', 'value': 63.94, 'num_readings': 32, 'percentage_capture': 100, 'rating': 2}, 'no2': {'start': '2022-02-21 14:01:00', 'end': '2022-02-21 15:00:00', 'value': 6.74, 'num_readings': 4, 'percentage_capture': 100, 'rating': 1}, 'so2': {'start': '2022-02-21 14:01:00', 'end': '2022-02-21 15:00:00', 'value': 1.48, 'num_readings': 4, 'percentage_capture': 100, 'rating': 1}}",63097,2
36,2134,TNO2162,"Sandymount Green, Dublin 4",53.33192,-6.215766,TNO2162-EPA,TNO2162-EPA,0000-00-00,19,321686625.0,"{'monitor_type_id': 19, 'name': 'Osiris', 'manufacturer': 'Turnkey', 'category': 'air', 'sample_code': 'TNO1234', 'sample_serial_number': 'TNO1234'}","{'air_reading_id': 321686625, 'monitor_id': 2134, 'project_id': 2497, 'recorded_at': '2022-02-21 16:15:00', 'pm10': 29, 'pm2_5': 20.67, 'no2': None, 'o3': None, 'so2': None, 'co': None, 'date': '21-02-2022', 'time': '16:15', 'secs_since': 1066, 'time_since': '17 mins', 'status': 'green'}","{'pm10': {'start': '2022-02-20 16:01:00', 'end': '2022-02-21 16:00:00', 'value': 22.07, 'num_readings': 96, 'percentage_capture': 100, 'rating': 2}, 'pm2_5': {'start': '2022-02-20 16:01:00', 'end': '2022-02-21 16:00:00', 'value': 19.5, 'num_readings': 96, 'percentage_capture': 100, 'rating': 2}}",54496,2
37,1994,Station 52,"St. Anne's Park, Dublin 5",53.372904,-6.17939,EPA-52,EPA-52,0000-00-00,23,321683474.0,"{'monitor_type_id': 23, 'name': 'Fidas 200', 'manufacturer': 'Palas', 'category': 'air', 'sample_code': '', 'sample_serial_number': ''}","{'air_reading_id': 321683474, 'monitor_id': 1994, 'project_id': 2399, 'recorded_at': '2022-02-21 16:15:00', 'pm10': 18.77, 'pm2_5': 10.44, 'no2': None, 'o3': None, 'so2': None, 'co': None, 'date': '21-02-2022', 'time': '16:15', 'secs_since': 1066, 'time_since': '17 mins', 'status': 'green'}","{'pm10': {'start': '2022-02-20 16:01:00', 'end': '2022-02-21 16:00:00', 'value': 16.84, 'num_readings': 96, 'percentage_capture': 100, 'rating': 2}, 'pm2_5': {'start': '2022-02-20 16:01:00', 'end': '2022-02-21 16:00:00', 'value': 10.82, 'num_readings': 96, 'percentage_capture': 100, 'rating': 1}}",63666,1
38,1999,Station 57,"St. John’s Road, Kilmainham, Dublin 8",53.345806,-6.294603,EPA-57,EPA-57,0000-00-00,25,321683505.0,"{'monitor_type_id': 25, 'name': 'Multiple', 'manufacturer': 'Multiple', 'category': 'air', 'sample_code': '', 'sample_serial_number': ''}","{'air_reading_id': 321683505, 'monitor_id': 1999, 'project_id': 2399, 'recorded_at': '2022-02-21 16:00:00', 'pm10': 22.6995, 'pm2_5': 10.0146, 'no2': 39.0703, 'o3': None, 'so2': None, 'co': None, 'date': '21-02-2022', 'time': '16:00', 'secs_since': 1966, 'time_since': '32 mins', 'status': 'green'}","{'pm10': {'start': '2022-02-20 16:01:00', 'end': '2022-02-21 16:00:00', 'value': 15.59, 'num_readings': 96, 'percentage_capture': 100, 'rating': 1}, 'pm2_5': {'start': '2022-02-20 16:01:00', 'end': '2022-02-21 16:00:00', 'value': 9.64, 'num_readings': 96, 'percentage_capture': 100, 'rating': 1}, 'no2': {'start': '2022-02-21 15:01:00', 'end': '2022-02-21 16:00:00', 'value': 37.83, 'num_readings': 4, 'percentage_capture': 100, 'rating': 1}}",63672,1
39,2003,Station 61,"Swords Council Depot, Co. Dublin",53.463067,-6.222234,EPA-61,EPA-61,0000-00-00,25,321683515.0,"{'monitor_type_id': 25, 'name': 'Multiple', 'manufacturer': 'Multiple', 'category': 'air', 'sample_code': '', 'sample_serial_number': ''}","{'air_reading_id': 321683515, 'monitor_id': 2003, 'project_id': 2399, 'recorded_at': '2022-02-21 15:00:00', 'pm10': None, 'pm2_5': None, 'no2': 8.415, 'o3': 72.5836, 'so2': None, 'co': None, 'date': '21-02-2022', 'time': '15:00', 'secs_since': 5566, 'time_since': '1 hour', 'status': 'green'}","{'o3': {'start': '2022-02-21 07:01:00', 'end': '2022-02-21 15:00:00', 'value': 75.13, 'num_readings': 32, 'percentage_capture': 100, 'rating': 3}, 'no2': {'start': '2022-02-21 14:01:00', 'end': '2022-02-21 15:00:00', 'value': 6.33, 'num_readings': 4, 'percentage_capture': 100, 'rating': 1}}",62529,1
40,1986,Station 44,"Tallaght, Dublin 24",53.280699,-6.358851,EPA-44,EPA-44,0000-00-00,25,321683446.0,"{'monitor_type_id': 25, 'name': 'Multiple', 'manufacturer': 'Multiple', 'category': 'air', 'sample_code': '', 'sample_serial_number': ''}","{'air_reading_id': 321683446, 'monitor_id': 1986, 'project_id': 2399, 'recorded_at': '2022-02-21 16:00:00', 'pm10': 19.0502, 'pm2_5': 10.8101, 'no2': 7.7945, 'o3': None, 'so2': None, 'co': None, 'date': '21-02-2022', 'time': '16:00', 'secs_since': 1966, 'time_since': '32 mins', 'status': 'green'}","{'pm10': {'start': '2022-02-20 16:01:00', 'end': '2022-02-21 16:00:00', 'value': 13.45, 'num_readings': 96, 'percentage_capture': 100, 'rating': 1}, 'pm2_5': {'start': '2022-02-20 16:01:00', 'end': '2022-02-21 16:00:00', 'value': 8.95, 'num_readings': 96, 'percentage_capture': 100, 'rating': 1}, 'no2': {'start': '2022-02-21 15:01:00', 'end': '2022-02-21 16:00:00', 'value': 6.65, 'num_readings': 4, 'percentage_capture': 100, 'rating': 1}}",62384,1
41,2133,TNO2161,"TU Dublin, Dublin 7",53.357689,-6.287134,TNO2161-EPA,TNO2161-EPA,0000-00-00,19,321683919.0,"{'monitor_type_id': 19, 'name': 'Osiris', 'manufacturer': 'Turnkey', 'category': 'air', 'sample_code': 'TNO1234', 'sample_serial_number': 'TNO1234'}","{'air_reading_id': 321683919, 'monitor_id': 2133, 'project_id': 2497, 'recorded_at': '2022-02-21 16:15:00', 'pm10': 17.3, 'pm2_5': 15.16, 'no2': None, 'o3': None, 'so2': None, 'co': None, 'date': '21-02-2022', 'time': '16:15', 'secs_since': 1066, 'time_since': '17 mins', 'status': 'green'}","{'pm10': {'start': '2022-02-20 16:01:00', 'end': '2022-02-21 16:00:00', 'value': 15.42, 'num_readings': 13, 'percentage_capture': 13, 'rating': 0}, 'pm2_5': {'start': '2022-02-20 16:01:00', 'end': '2022-02-21 16:00:00', 'value': 14, 'num_readings': 13, 'percentage_capture': 13, 'rating': 0}}",54517,0
42,2135,TNT1088,"Walkinstown Library, Dublin 12",53.318902,-6.32176,TNT1088-EPA,TNT1088-EPA,0000-00-00,27,321686543.0,"{'monitor_type_id': 27, 'name': 'Topas', 'manufacturer': 'Turnkey', 'category': 'air', 'sample_code': 'TNT1234', 'sample_serial_number': 'TNT1234'}","{'air_reading_id': 321686543, 'monitor_id': 2135, 'project_id': 2497, 'recorded_at': '2022-02-21 16:15:00', 'pm10': 12.6, 'pm2_5': 10.9, 'no2': None, 'o3': None, 'so2': None, 'co': None, 'date': '21-02-2022', 'time': '16:15', 'secs_since': 1066, 'time_since': '17 mins', 'status': 'green'}","{'pm10': {'start': '2022-02-20 16:01:00', 'end': '2022-02-21 16:00:00', 'value': 10.67, 'num_readings': 91, 'percentage_capture': 94, 'rating': 1}, 'pm2_5': {'start': '2022-02-20 16:01:00', 'end': '2022-02-21 16:00:00', 'value': 9.14, 'num_readings': 91, 'percentage_capture': 94, 'rating': 1}}",259004,1
43,2492,TNO4438,"Weaver Park, Dublin 8",53.338252,-6.280805,TNO4438-EPA,TNO4438-EPA,0000-00-00,19,321683935.0,"{'monitor_type_id': 19, 'name': 'Osiris', 'manufacturer': 'Turnkey', 'category': 'air', 'sample_code': 'TNO1234', 'sample_serial_number': 'TNO1234'}","{'air_reading_id': 321683935, 'monitor_id': 2492, 'project_id': 2497, 'recorded_at': '2022-02-21 16:13:23', 'pm10': 25.7, 'pm2_5': 19.21, 'no2': None, 'o3': None, 'so2': None, 'co': None, 'date': '21-02-2022', 'time': '16:13', 'secs_since': 1163, 'time_since': '19 mins', 'status': 'green'}","{'pm10': {'start': '2022-02-20 16:01:00', 'end': '2022-02-21 16:00:00', 'value': 19.45, 'num_readings': 96, 'percentage_capture': 100, 'rating': 2}, 'pm2_5': {'start': '2022-02-20 16:01:00', 'end': '2022-02-21 16:00:00', 'value': 17.36, 'num_readings': 96, 'percentage_capture': 100, 'rating': 2}}",34020,2
44,1964,Station 11,"Winetavern Street, Dublin 8",53.344201,-6.271563,EPA-11,EPA-11,0000-00-00,25,321683385.0,"{'monitor_type_id': 25, 'name': 'Multiple', 'manufacturer': 'Multiple', 'category': 'air', 'sample_code': '', 'sample_serial_number': ''}","{'air_reading_id': 321683385, 'monitor_id': 1964, 'project_id': 2399, 'recorded_at': '2022-02-21 16:00:00', 'pm10': None, 'pm2_5': None, 'no2': 17.7501, 'o3': None, 'so2': 1.5197, 'co': 0.3493, 'date': '21-02-2022', 'time': '16:00', 'secs_since': 1966, 'time_since': '32 mins', 'status': 'green'}","{'no2': {'start': '2022-02-21 15:01:00', 'end': '2022-02-21 16:00:00', 'value': 16.91, 'num_readings': 4, 'percentage_capture': 100, 'rating': 1}, 'so2': {'start': '2022-02-21 15:01:00', 'end': '2022-02-21 16:00:00', 'value': 1.62, 'num_readings': 4, 'percentage_capture': 100, 'rating': 1}, 'co': {'start': '2022-02-21 15:01:00', 'end': '2022-02-21 16:00:00', 'value': 0.35000000000000003, 'num_readings': 4, 'percentage_capture': 100, 'rating': None}}",63393,1
45,3787,Station 105,"Eyre Square, Galway",53.273966,-9.04846,EPA-105,EPA-105,,25,321683617.0,"{'monitor_type_id': 25, 'name': 'Multiple', 'manufacturer': 'Multiple', 'category': 'air', 'sample_code': '', 'sample_serial_number': ''}","{'air_reading_id': 321683617, 'monitor_id': 3787, 'project_id': 2399, 'recorded_at': '2022-02-21 16:00:00', 'pm10': None, 'pm2_5': None, 'no2': 15.9396, 'o3': None, 'so2': None, 'co': None, 'date': '21-02-2022', 'time': '16:00', 'secs_since': 1966, 'time_since': '32 mins', 'status': 'green'}","{'no2': {'start': '2022-02-21 15:01:00', 'end': '2022-02-21 16:00:00', 'value': 16.81, 'num_readings': 4, 'percentage_capture': 100, 'rating': 1}}",4404,1
46,1993,Station 51,"Mace Head, Carna, Co. Galway",53.325311,-9.903634,EPA-51,EPA-51,0000-00-00,25,321687733.0,"{'monitor_type_id': 25, 'name': 'Multiple', 'manufacturer': 'Multiple', 'category': 'air', 'sample_code': '', 'sample_serial_number': ''}","{'air_reading_id': 321687733, 'monitor_id': 1993, 'project_id': 2399, 'recorded_at': '2022-02-21 14:00:00', 'pm10': None, 'pm2_5': None, 'no2': None, 'o3': 80.2471, 'so2': None, 'co': None, 'date': '21-02-2022', 'time': '14:00', 'secs_since': 9166, 'time_since': '2 hours', 'status': 'green'}","{'o3': {'start': '2022-02-21 06:01:00', 'end': '2022-02-21 14:00:00', 'value': 84.67, 'num_readings': 8, 'percentage_capture': 100, 'rating': 3}}",15828,3
47,3677,TNO4467 (Communication Issue),"Tuam, Co. Galway",53.51423,-8.85445,TNO4467,TNO4467,,19,314049099.0,"{'monitor_type_id': 19, 'name': 'Osiris', 'manufacturer': 'Turnkey', 'category': 'air', 'sample_code': 'TNO1234', 'sample_serial_number': 'TNO1234'}","{'air_reading_id': 314049099, 'monitor_id': 3677, 'project_id': 2497, 'recorded_at': '2022-02-02 09:30:00', 'pm10': 23.6, 'pm2_5': 17.58, 'no2': None, 'o3': None, 'so2': None, 'co': None, 'date': '02-02-2022', 'time': '09:30', 'secs_since': 1666967, 'time_since': '2 weeks', 'status': 'red'}","{'pm10': {'start': '2022-02-01 09:01:00', 'end': '2022-02-02 09:00:00', 'value': 10.31, 'num_readings': 95, 'percentage_capture': 98}, 'pm2_5': {'start': '2022-02-01 09:01:00', 'end': '2022-02-02 09:00:00', 'value': 8.43, 'num_readings': 95, 'percentage_capture': 98}}",7976,0
48,2013,Station 71,"Tralee Library, Co. Kerry",52.267115,-9.697958,EPA-71,EPA-71,0000-00-00,23,321683556.0,"{'monitor_type_id': 23, 'name': 'Fidas 200', 'manufacturer': 'Palas', 'category': 'air', 'sample_code': '', 'sample_serial_number': ''}","{'air_reading_id': 321683556, 'monitor_id': 2013, 'project_id': 2399, 'recorded_at': '2022-02-21 16:15:00', 'pm10': 7.362, 'pm2_5': 4.744, 'no2': None, 'o3': None, 'so2': None, 'co': None, 'date': '21-02-2022', 'time': '16:15', 'secs_since': 1067, 'time_since': '17 mins', 'status': 'green'}","{'pm10': {'start': '2022-02-20 16:01:00', 'end': '2022-02-21 16:00:00', 'value': 41.71, 'num_readings': 96, 'percentage_capture': 100, 'rating': 3}, 'pm2_5': {'start': '2022-02-20 16:01:00', 'end': '2022-02-21 16:00:00', 'value': 22.02, 'num_readings': 96, 'percentage_capture': 100, 'rating': 2}}",63804,3
49,1987,Station 45,"Valentia Observatory, Caherciveen, Co. Kerry",51.938529,-10.240088,EPA-45,EPA-45,0000-00-00,25,321683450.0,"{'monitor_type_id': 25, 'name': 'Multiple', 'manufacturer': 'Multiple', 'category': 'air', 'sample_code': '', 'sample_serial_number': ''}","{'air_reading_id': 321683450, 'monitor_id': 1987, 'project_id': 2399, 'recorded_at': '2022-02-21 16:00:00', 'pm10': None, 'pm2_5': None, 'no2': None, 'o3': 80.2271, 'so2': None, 'co': None, 'date': '21-02-2022', 'time': '16:00', 'secs_since': 1967, 'time_since': '32 mins', 'status': 'green'}","{'o3': {'start': '2022-02-21 08:01:00', 'end': '2022-02-21 16:00:00', 'value': 83.99, 'num_readings': 32, 'percentage_capture': 100, 'rating': 3}}",63656,3
50,2092,TNO4160,"Celbridge, Co. Kildare",53.34442,-6.54432,TNO4160,TNO4160,0000-00-00,19,321684987.0,"{'monitor_type_id': 19, 'name': 'Osiris', 'manufacturer': 'Turnkey', 'category': 'air', 'sample_code': 'TNO1234', 'sample_serial_number': 'TNO1234'}","{'air_reading_id': 321684987, 'monitor_id': 2092, 'project_id': 2497, 'recorded_at': '2022-02-21 16:15:00', 'pm10': 30, 'pm2_5': 25.05, 'no2': None, 'o3': None, 'so2': None, 'co': None, 'date': '21-02-2022', 'time': '16:15', 'secs_since': 1067, 'time_since': '17 mins', 'status': 'green'}","{'pm10': {'start': '2022-02-20 16:01:00', 'end': '2022-02-21 16:00:00', 'value': 19.47, 'num_readings': 95, 'percentage_capture': 98, 'rating': 2}, 'pm2_5': {'start': '2022-02-20 16:01:00', 'end': '2022-02-21 16:00:00', 'value': 18.03, 'num_readings': 95, 'percentage_capture': 98, 'rating': 2}}",48182,2
51,3090,Station 83,"Naas, Co. Kildare",53.218113,-6.659089,EPA-83,EPA-83,,23,321683589.0,"{'monitor_type_id': 23, 'name': 'Fidas 200', 'manufacturer': 'Palas', 'category': 'air', 'sample_code': '', 'sample_serial_number': ''}","{'air_reading_id': 321683589, 'monitor_id': 3090, 'project_id': 2399, 'recorded_at': '2022-02-21 16:00:00', 'pm10': 35.25, 'pm2_5': 17.11, 'no2': None, 'o3': None, 'so2': None, 'co': None, 'date': '21-02-2022', 'time': '16:00', 'secs_since': 1967, 'time_since': '32 mins', 'status': 'green'}","{'pm10': {'start': '2022-02-20 16:01:00', 'end': '2022-02-21 16:00:00', 'value': 17.85, 'num_readings': 96, 'percentage_capture': 100, 'rating': 2}, 'pm2_5': {'start': '2022-02-20 16:01:00', 'end': '2022-02-21 16:00:00', 'value': 10.13, 'num_readings': 96, 'percentage_capture': 100, 'rating': 1}}",28181,2
52,2086,TNO3953,"Newbridge, Co. Kildare",53.18019,-6.800826,TNO3953,TNO3953,0000-00-00,19,321684942.0,"{'monitor_type_id': 19, 'name': 'Osiris', 'manufacturer': 'Turnkey', 'category': 'air', 'sample_code': 'TNO1234', 'sample_serial_number': 'TNO1234'}","{'air_reading_id': 321684942, 'monitor_id': 2086, 'project_id': 2497, 'recorded_at': '2022-02-21 16:15:00', 'pm10': 32, 'pm2_5': 27.46, 'no2': None, 'o3': None, 'so2': None, 'co': None, 'date': '21-02-2022', 'time': '16:15', 'secs_since': 1067, 'time_since': '17 mins', 'status': 'green'}","{'pm10': {'start': '2022-02-20 16:01:00', 'end': '2022-02-21 16:00:00', 'value': 21.62, 'num_readings': 95, 'percentage_capture': 98, 'rating': 2}, 'pm2_5': {'start': '2022-02-20 16:01:00', 'end': '2022-02-21 16:00:00', 'value': 19.05, 'num_readings': 95, 'percentage_capture': 98, 'rating': 2}}",67927,2
53,1983,Station 36,"Callan Road, Kilkenny",52.638327,-7.267609,EPA-36,EPA-36,0000-00-00,25,321683432.0,"{'monitor_type_id': 25, 'name': 'Multiple', 'manufacturer': 'Multiple', 'category': 'air', 'sample_code': '', 'sample_serial_number': ''}","{'air_reading_id': 321683432, 'monitor_id': 1983, 'project_id': 2399, 'recorded_at': '2022-02-21 16:00:00', 'pm10': 49, 'pm2_5': None, 'no2': 2.4565, 'o3': 77.5618, 'so2': None, 'co': None, 'date': '21-02-2022', 'time': '16:00', 'secs_since': 1967, 'time_since': '32 mins', 'status': 'green'}","{'pm10': {'start': '2022-02-20 16:01:00', 'end': '2022-02-21 16:00:00', 'value': 42.13, 'num_readings': 96, 'percentage_capture': 100, 'rating': 3}, 'o3': {'start': '2022-02-21 08:01:00', 'end': '2022-02-21 16:00:00', 'value': 82.59, 'num_readings': 32, 'percentage_capture': 100, 'rating': 3}, 'no2': {'start': '2022-02-21 15:01:00', 'end': '2022-02-21 16:00:00', 'value': 1.8, 'num_readings': 4, 'percentage_capture': 100, 'rating': 1}}",63682,3
54,2089,TNO4157,"Thomastown, Co. Kilkenny",52.5302193,-7.1379192,TNO4157,TNO4157,0000-00-00,19,321684964.0,"{'monitor_type_id': 19, 'name': 'Osiris', 'manufacturer': 'Turnkey', 'category': 'air', 'sample_code': 'TNO1234', 'sample_serial_number': 'TNO1234'}","{'air_reading_id': 321684964, 'monitor_id': 2089, 'project_id': 2497, 'recorded_at': '2022-02-21 16:15:00', 'pm10': 32, 'pm2_5': 27.84, 'no2': None, 'o3': None, 'so2': None, 'co': None, 'date': '21-02-2022', 'time': '16:15', 'secs_since': 1067, 'time_since': '17 mins', 'status': 'green'}","{'pm10': {'start': '2022-02-20 16:01:00', 'end': '2022-02-21 16:00:00', 'value': 20.45, 'num_readings': 95, 'percentage_capture': 98, 'rating': 2}, 'pm2_5': {'start': '2022-02-20 16:01:00', 'end': '2022-02-21 16:00:00', 'value': 19.57, 'num_readings': 95, 'percentage_capture': 98, 'rating': 2}}",92979,2
55,2004,Station 62,"Emo, Co. Laois",53.107617,-7.198317,EPA-62,EPA-62,0000-00-00,25,321683527.0,"{'monitor_type_id': 25, 'name': 'Multiple', 'manufacturer': 'Multiple', 'category': 'air', 'sample_code': '', 'sample_serial_number': ''}","{'air_reading_id': 321683527, 'monitor_id': 2004, 'project_id': 2399, 'recorded_at': '2022-02-21 16:00:00', 'pm10': None, 'pm2_5': None, 'no2': 1.9274, 'o3': 75.1514, 'so2': None, 'co': None, 'date': '21-02-2022', 'time': '16:00', 'secs_since': 1967, 'time_since': '32 mins', 'status': 'green'}","{'o3': {'start': '2022-02-21 08:01:00', 'end': '2022-02-21 16:00:00', 'value': 73.35, 'num_readings': 30, 'percentage_capture': 93, 'rating': 3}, 'no2': {'start': '2022-02-21 15:01:00', 'end': '2022-02-21 16:00:00', 'value': 1.77, 'num_readings': 4, 'percentage_capture': 100, 'rating': 1}}",61446,3
56,2087,TNO3954,"Mountrath, Co. Laois",53.0056521,-7.4686841,TNO3954,TNO3954,0000-00-00,19,320088775.0,"{'monitor_type_id': 19, 'name': 'Osiris', 'manufacturer': 'Turnkey', 'category': 'air', 'sample_code': 'TNO1234', 'sample_serial_number': 'TNO1234'}","{'air_reading_id': 320088775, 'monitor_id': 2087, 'project_id': 2497, 'recorded_at': '2022-02-17 11:30:00', 'pm10': 0, 'pm2_5': 0, 'no2': None, 'o3': None, 'so2': None, 'co': None, 'date': '17-02-2022', 'time': '11:30', 'secs_since': 363767, 'time_since': '4 days', 'status': 'red'}","{'pm10': {'start': '2022-02-16 11:01:00', 'end': '2022-02-17 11:00:00', 'value': 12.33, 'num_readings': 92, 'percentage_capture': 95}, 'pm2_5': {'start': '2022-02-16 11:01:00', 'end': '2022-02-17 11:00:00', 'value': 10.81, 'num_readings': 92, 'percentage_capture': 95}}",70391,0
57,1967,Station 16,"Portlaoise, Co. Laois",53.036139,-7.288808,EPA-16,EPA-16,0000-00-00,25,321683391.0,"{'monitor_type_id': 25, 'name': 'Multiple', 'manufacturer': 'Multiple', 'category': 'air', 'sample_code': '', 'sample_serial_number': ''}","{'air_reading_id': 321683391, 'monitor_id': 1967, 'project_id': 2399, 'recorded_at': '2022-02-21 16:00:00', 'pm10': 38.7737, 'pm2_5': 19.5697, 'no2': 13.5915, 'o3': None, 'so2': 0.7037, 'co': 0.1904, 'date': '21-02-2022', 'time': '16:00', 'secs_since': 1967, 'time_since': '32 mins', 'status': 'green'}","{'pm10': {'start': '2022-02-20 16:01:00', 'end': '2022-02-21 16:00:00', 'value': 18.59, 'num_readings': 96, 'percentage_capture': 100, 'rating': 2}, 'pm2_5': {'start': '2022-02-20 16:01:00', 'end': '2022-02-21 16:00:00', 'value': 11.42, 'num_readings': 96, 'percentage_capture': 100, 'rating': 1}, 'no2': {'start': '2022-02-21 15:01:00', 'end': '2022-02-21 16:00:00', 'value': 9.28, 'num_readings': 4, 'percentage_capture': 100, 'rating': 1}, 'so2': {'start': '2022-02-21 15:01:00', 'end': '2022-02-21 16:00:00', 'value': 1.23, 'num_readings': 4, 'percentage_capture': 100, 'rating': 1}, 'co': {'start': '2022-02-21 15:01:00', 'end': '2022-02-21 16:00:00', 'value': 0.19, 'num_readings': 4, 'percentage_capture': 100, 'rating': None}}",63038,2
58,2470,Station 80,"Carrick-on-Shannon, Co. Leitrim",53.944,-8.0865,EPA-80,EPA-80,0000-00-00,25,321667337.0,"{'monitor_type_id': 25, 'name': 'Multiple', 'manufacturer': 'Multiple', 'category': 'air', 'sample_code': '', 'sample_serial_number': ''}","{'air_reading_id': 321667337, 'monitor_id': 2470, 'project_id': 2399, 'recorded_at': '2022-02-21 15:00:00', 'pm10': 31.4937, 'pm2_5': 15.435, 'no2': 6.8722, 'o3': None, 'so2': None, 'co': None, 'date': '21-02-2022', 'time': '15:00', 'secs_since': 5567, 'time_since': '1 hour', 'status': 'green'}","{'pm10': {'start': '2022-02-20 15:01:00', 'end': '2022-02-21 15:00:00', 'value': 21.66, 'num_readings': 96, 'percentage_capture': 100, 'rating': 2}, 'pm2_5': {'start': '2022-02-20 15:01:00', 'end': '2022-02-21 15:00:00', 'value': 12.96, 'num_readings': 96, 'percentage_capture': 100, 'rating': 2}, 'no2': {'start': '2022-02-21 14:01:00', 'end': '2022-02-21 15:00:00', 'value': 5.05, 'num_readings': 4, 'percentage_capture': 100, 'rating': 1}}",41291,2
59,2084,TNO3951,"Abbeyfeale, Limerick",52.38613,-9.29821,TNO3951,TNO3951,0000-00-00,19,321684930.0,"{'monitor_type_id': 19, 'name': 'Osiris', 'manufacturer': 'Turnkey', 'category': 'air', 'sample_code': 'TNO1234', 'sample_serial_number': 'TNO1234'}","{'air_reading_id': 321684930, 'monitor_id': 2084, 'project_id': 2497, 'recorded_at': '2022-02-21 16:15:00', 'pm10': 16.8, 'pm2_5': 14.64, 'no2': None, 'o3': None, 'so2': None, 'co': None, 'date': '21-02-2022', 'time': '16:15', 'secs_since': 1067, 'time_since': '17 mins', 'status': 'green'}","{'pm10': {'start': '2022-02-20 16:01:00', 'end': '2022-02-21 16:00:00', 'value': 38.06, 'num_readings': 284, 'percentage_capture': 295, 'rating': 3}, 'pm2_5': {'start': '2022-02-20 16:01:00', 'end': '2022-02-21 16:00:00', 'value': 34.56, 'num_readings': 284, 'percentage_capture': 295, 'rating': 3}}",88747,3
60,2016,Station 74,"Askeaton, Co. Limerick",52.590446,-8.970515,EPA-74,EPA-74,0000-00-00,25,321683564.0,"{'monitor_type_id': 25, 'name': 'Multiple', 'manufacturer': 'Multiple', 'category': 'air', 'sample_code': '', 'sample_serial_number': ''}","{'air_reading_id': 321683564, 'monitor_id': 2016, 'project_id': 2399, 'recorded_at': '2022-02-21 16:00:00', 'pm10': 37.8706, 'pm2_5': 16.7835, 'no2': None, 'o3': None, 'so2': 3.3143000000000002, 'co': None, 'date': '21-02-2022', 'time': '16:00', 'secs_since': 1967, 'time_since': '32 mins', 'status': 'green'}","{'pm10': {'start': '2022-02-20 16:01:00', 'end': '2022-02-21 16:00:00', 'value': 27.42, 'num_readings': 96, 'percentage_capture': 100, 'rating': 2}, 'pm2_5': {'start': '2022-02-20 16:01:00', 'end': '2022-02-21 16:00:00', 'value': 15.91, 'num_readings': 96, 'percentage_capture': 100, 'rating': 2}, 'so2': {'start': '2022-02-21 15:01:00', 'end': '2022-02-21 16:00:00', 'value': 3.33, 'num_readings': 4, 'percentage_capture': 100, 'rating': 1}}",52790,2
61,2095,TNO3840,"Castletroy, Limerick",52.663114,-8.540401,TNO3840,TNO3840,0000-00-00,19,321685013.0,"{'monitor_type_id': 19, 'name': 'Osiris', 'manufacturer': 'Turnkey', 'category': 'air', 'sample_code': 'TNO1234', 'sample_serial_number': 'TNO1234'}","{'air_reading_id': 321685013, 'monitor_id': 2095, 'project_id': 2497, 'recorded_at': '2022-02-21 16:15:00', 'pm10': 23.3, 'pm2_5': 11.36, 'no2': None, 'o3': None, 'so2': None, 'co': None, 'date': '21-02-2022', 'time': '16:15', 'secs_since': 1067, 'time_since': '17 mins', 'status': 'green'}","{'pm10': {'start': '2022-02-20 16:01:00', 'end': '2022-02-21 16:00:00', 'value': 19.22, 'num_readings': 284, 'percentage_capture': 98, 'rating': 2}, 'pm2_5': {'start': '2022-02-20 16:01:00', 'end': '2022-02-21 16:00:00', 'value': 11.68, 'num_readings': 284, 'percentage_capture': 98, 'rating': 2}}",152352,2
62,3268,Station 85,"Henry Street, Limerick",52.661291,-8.631649,EPA-85,EPA-85,0000-00-00,25,321683597.0,"{'monitor_type_id': 25, 'name': 'Multiple', 'manufacturer': 'Multiple', 'category': 'air', 'sample_code': '', 'sample_serial_number': ''}","{'air_reading_id': 321683597, 'monitor_id': 3268, 'project_id': 2399, 'recorded_at': '2022-02-21 15:00:00', 'pm10': 43.5089, 'pm2_5': 18.8762, 'no2': 19.822, 'o3': 67.8294, 'so2': None, 'co': None, 'date': '21-02-2022', 'time': '15:00', 'secs_since': 5567, 'time_since': '1 hour', 'status': 'green'}","{'pm10': {'start': '2022-02-20 15:01:00', 'end': '2022-02-21 15:00:00', 'value': 29.92, 'num_readings': 96, 'percentage_capture': 100, 'rating': 2}, 'pm2_5': {'start': '2022-02-20 15:01:00', 'end': '2022-02-21 15:00:00', 'value': 15.41, 'num_readings': 96, 'percentage_capture': 100, 'rating': 2}, 'o3': {'start': '2022-02-21 07:01:00', 'end': '2022-02-21 15:00:00', 'value': 71.71, 'num_readings': 32, 'percentage_capture': 100, 'rating': 3}, 'no2': {'start': '2022-02-21 14:01:00', 'end': '2022-02-21 15:00:00', 'value': 16.96, 'num_readings': 4, 'percentage_capture': 100, 'rating': 1}}",22545,3
63,2096,TNO3841,"Mungret, Co. Limerick",52.640063,-8.677259,TNO3841,TNO3841,0000-00-00,19,321685016.0,"{'monitor_type_id': 19, 'name': 'Osiris', 'manufacturer': 'Turnkey', 'category': 'air', 'sample_code': 'TNO1234', 'sample_serial_number': 'TNO1234'}","{'air_reading_id': 321685016, 'monitor_id': 2096, 'project_id': 2497, 'recorded_at': '2022-02-21 16:15:00', 'pm10': 33.1, 'pm2_5': 25.15, 'no2': None, 'o3': None, 'so2': None, 'co': None, 'date': '21-02-2022', 'time': '16:15', 'secs_since': 1067, 'time_since': '17 mins', 'status': 'green'}","{'pm10': {'start': '2022-02-20 16:01:00', 'end': '2022-02-21 16:00:00', 'value': 29.79, 'num_readings': 284, 'percentage_capture': 98, 'rating': 2}, 'pm2_5': {'start': '2022-02-20 16:01:00', 'end': '2022-02-21 16:00:00', 'value': 26.46, 'num_readings': 284, 'percentage_capture': 98, 'rating': 3}}",140798,3
64,2094,TNO3839 (Undergoing Calibration),"O'Connell St, Limerick",52.66385,-8.626646,TNO3839,TNO3839,0000-00-00,19,321685000.0,"{'monitor_type_id': 19, 'name': 'Osiris', 'manufacturer': 'Turnkey', 'category': 'air', 'sample_code': 'TNO1234', 'sample_serial_number': 'TNO1234'}","{'air_reading_id': 321685000, 'monitor_id': 2094, 'project_id': 2497, 'recorded_at': '2022-02-21 16:15:00', 'pm10': 47.8, 'pm2_5': 35.62, 'no2': None, 'o3': None, 'so2': None, 'co': None, 'date': '21-02-2022', 'time': '16:15', 'secs_since': 1067, 'time_since': '17 mins', 'status': 'green'}","{'pm10': {'start': '2022-02-20 16:01:00', 'end': '2022-02-21 16:00:00', 'value': 36.58, 'num_readings': 285, 'percentage_capture': 98, 'rating': 3}, 'pm2_5': {'start': '2022-02-20 16:01:00', 'end': '2022-02-21 16:00:00', 'value': 32.43, 'num_readings': 285, 'percentage_capture': 98, 'rating': 3}}",138190,3
65,1984,Station 39,"People's Park, Limerick",52.658656,-8.628739,EPA-39,EPA-39,0000-00-00,25,321683434.0,"{'monitor_type_id': 25, 'name': 'Multiple', 'manufacturer': 'Multiple', 'category': 'air', 'sample_code': '', 'sample_serial_number': ''}","{'air_reading_id': 321683434, 'monitor_id': 1984, 'project_id': 2399, 'recorded_at': '2022-02-21 16:00:00', 'pm10': 33.394, 'pm2_5': 15.355, 'no2': 8.7996, 'o3': 83.3471, 'so2': None, 'co': None, 'date': '21-02-2022', 'time': '16:00', 'secs_since': 1967, 'time_since': '32 mins', 'status': 'green'}","{'pm10': {'start': '2022-02-20 16:01:00', 'end': '2022-02-21 16:00:00', 'value': 29.73, 'num_readings': 96, 'percentage_capture': 100, 'rating': 2}, 'pm2_5': {'start': '2022-02-20 16:01:00', 'end': '2022-02-21 16:00:00', 'value': 15.65, 'num_readings': 96, 'percentage_capture': 100, 'rating': 2}, 'o3': {'start': '2022-02-21 08:01:00', 'end': '2022-02-21 16:00:00', 'value': 85.37, 'num_readings': 32, 'percentage_capture': 100, 'rating': 3}, 'no2': {'start': '2022-02-21 15:01:00', 'end': '2022-02-21 16:00:00', 'value': 10.8, 'num_readings': 4, 'percentage_capture': 100, 'rating': 1}}",58752,3
66,1985,Station 43,Longford Town,53.725554,-7.791275,EPA-43,EPA-43,0000-00-00,23,321683442.0,"{'monitor_type_id': 23, 'name': 'Fidas 200', 'manufacturer': 'Palas', 'category': 'air', 'sample_code': '', 'sample_serial_number': ''}","{'air_reading_id': 321683442, 'monitor_id': 1985, 'project_id': 2399, 'recorded_at': '2022-02-21 16:15:00', 'pm10': 29.35, 'pm2_5': 15.99, 'no2': None, 'o3': None, 'so2': None, 'co': None, 'date': '21-02-2022', 'time': '16:15', 'secs_since': 1067, 'time_since': '17 mins', 'status': 'green'}","{'pm10': {'start': '2022-02-20 16:01:00', 'end': '2022-02-21 16:00:00', 'value': 18.07, 'num_readings': 96, 'percentage_capture': 100, 'rating': 2}, 'pm2_5': {'start': '2022-02-20 16:01:00', 'end': '2022-02-21 16:00:00', 'value': 11.33, 'num_readings': 96, 'percentage_capture': 100, 'rating': 1}}",36635,2
67,3096,Station 84,"Drogheda, Co. Louth",53.732182,-6.3200354,EPA-84,EPA-84,0000-00-00,23,321683593.0,"{'monitor_type_id': 23, 'name': 'Fidas 200', 'manufacturer': 'Palas', 'category': 'air', 'sample_code': '', 'sample_serial_number': ''}","{'air_reading_id': 321683593, 'monitor_id': 3096, 'project_id': 2399, 'recorded_at': '2022-02-21 16:00:00', 'pm10': 19.17, 'pm2_5': 10.4, 'no2': None, 'o3': None, 'so2': None, 'co': None, 'date': '21-02-2022', 'time': '16:00', 'secs_since': 1967, 'time_since': '32 mins', 'status': 'green'}","{'pm10': {'start': '2022-02-20 16:01:00', 'end': '2022-02-21 16:00:00', 'value': 13.24, 'num_readings': 96, 'percentage_capture': 100, 'rating': 1}, 'pm2_5': {'start': '2022-02-20 16:01:00', 'end': '2022-02-21 16:00:00', 'value': 8.45, 'num_readings': 96, 'percentage_capture': 100, 'rating': 1}}",28699,1
68,1971,Station 23,"Dundalk, Co. Louth",54.003141,-6.392611,EPA-23,EPA-23,0000-00-00,25,321683405.0,"{'monitor_type_id': 25, 'name': 'Multiple', 'manufacturer': 'Multiple', 'category': 'air', 'sample_code': '', 'sample_serial_number': ''}","{'air_reading_id': 321683405, 'monitor_id': 1971, 'project_id': 2399, 'recorded_at': '2022-02-21 15:00:00', 'pm10': 8.8, 'pm2_5': None, 'no2': 8.126, 'o3': None, 'so2': 0.6031000000000001, 'co': 0.2771, 'date': '21-02-2022', 'time': '15:00', 'secs_since': 5567, 'time_since': '1 hour', 'status': 'green'}","{'pm10': {'start': '2022-02-20 15:01:00', 'end': '2022-02-21 15:00:00', 'value': 9.08, 'num_readings': 96, 'percentage_capture': 100, 'rating': 1}, 'no2': {'start': '2022-02-21 14:01:00', 'end': '2022-02-21 15:00:00', 'value': 6.97, 'num_readings': 4, 'percentage_capture': 100, 'rating': 1}, 'so2': {'start': '2022-02-21 14:01:00', 'end': '2022-02-21 15:00:00', 'value': 0.64, 'num_readings': 4, 'percentage_capture': 100, 'rating': 1}, 'co': {'start': '2022-02-21 14:01:00', 'end': '2022-02-21 15:00:00', 'value': 0.28, 'num_readings': 4, 'percentage_capture': 100, 'rating': None}}",60481,1
69,2460,TNO4468,"Ballina, Co. Mayo",54.11468,-9.152606,TNO4468,TNO4468,0000-00-00,19,321520297.0,"{'monitor_type_id': 19, 'name': 'Osiris', 'manufacturer': 'Turnkey', 'category': 'air', 'sample_code': 'TNO1234', 'sample_serial_number': 'TNO1234'}","{'air_reading_id': 321520297, 'monitor_id': 2460, 'project_id': 2497, 'recorded_at': '2022-02-21 05:45:00', 'pm10': 34.1, 'pm2_5': 30.7, 'no2': None, 'o3': None, 'so2': None, 'co': None, 'date': '21-02-2022', 'time': '05:45', 'secs_since': 38867, 'time_since': '10 hours', 'status': 'yellow'}","{'pm10': {'start': '2022-02-20 05:01:00', 'end': '2022-02-21 05:00:00', 'value': 22.45, 'num_readings': 54, 'percentage_capture': 56, 'rating': 0}, 'pm2_5': {'start': '2022-02-20 05:01:00', 'end': '2022-02-21 05:00:00', 'value': 20.98, 'num_readings': 54, 'percentage_capture': 56, 'rating': 0}}",37000,0
70,1974,Station 26,"Castlebar, Co. Mayo",53.851045,-9.300291,EPA-26,EPA-26,0000-00-00,25,321683417.0,"{'monitor_type_id': 25, 'name': 'Multiple', 'manufacturer': 'Multiple', 'category': 'air', 'sample_code': '', 'sample_serial_number': ''}","{'air_reading_id': 321683417, 'monitor_id': 1974, 'project_id': 2399, 'recorded_at': '2022-02-21 16:00:00', 'pm10': 51, 'pm2_5': None, 'no2': 9.8813, 'o3': 73.7832, 'so2': None, 'co': None, 'date': '21-02-2022', 'time': '16:00', 'secs_since': 1968, 'time_since': '32 mins', 'status': 'green'}","{'pm10': {'start': '2022-02-20 16:01:00', 'end': '2022-02-21 16:00:00', 'value': 32.54, 'num_readings': 96, 'percentage_capture': 100, 'rating': 2}, 'o3': {'start': '2022-02-21 08:01:00', 'end': '2022-02-21 16:00:00', 'value': 78.68, 'num_readings': 32, 'percentage_capture': 100, 'rating': 3}, 'no2': {'start': '2022-02-21 15:01:00', 'end': '2022-02-21 16:00:00', 'value': 9.98, 'num_readings': 4, 'percentage_capture': 100, 'rating': 1}}",63507,3
71,1980,Station 103,"Claremorris, Co. Mayo",53.686607,-9.013405,EPA-103,EPA-103,0000-00-00,23,321683609.0,"{'monitor_type_id': 23, 'name': 'Fidas 200', 'manufacturer': 'Palas', 'category': 'air', 'sample_code': '', 'sample_serial_number': ''}","{'air_reading_id': 321683609, 'monitor_id': 1980, 'project_id': 2399, 'recorded_at': '2022-02-21 16:00:00', 'pm10': 31.53, 'pm2_5': 15.55, 'no2': None, 'o3': None, 'so2': None, 'co': None, 'date': '21-02-2022', 'time': '16:00', 'secs_since': 1968, 'time_since': '32 mins', 'status': 'green'}","{'pm10': {'start': '2022-02-20 16:01:00', 'end': '2022-02-21 16:00:00', 'value': 19.4, 'num_readings': 96, 'percentage_capture': 100, 'rating': 2}, 'pm2_5': {'start': '2022-02-20 16:01:00', 'end': '2022-02-21 16:00:00', 'value': 12.27, 'num_readings': 96, 'percentage_capture': 100, 'rating': 2}}",6974,1
72,2010,Station 68,"Navan, Co. Meath",53.655483,-6.68847,EPA-68,EPA-68,0000-00-00,25,321683548.0,"{'monitor_type_id': 25, 'name': 'Multiple', 'manufacturer': 'Multiple', 'category': 'air', 'sample_code': '', 'sample_serial_number': ''}","{'air_reading_id': 321683548, 'monitor_id': 2010, 'project_id': 2399, 'recorded_at': '2022-02-21 16:00:00', 'pm10': 28.887, 'pm2_5': 10.9501, 'no2': 25.8868, 'o3': None, 'so2': None, 'co': None, 'date': '21-02-2022', 'time': '16:00', 'secs_since': 1968, 'time_since': '32 mins', 'status': 'green'}","{'pm10': {'start': '2022-02-20 16:01:00', 'end': '2022-02-21 16:00:00', 'value': 16.06, 'num_readings': 96, 'percentage_capture': 100, 'rating': 1}, 'pm2_5': {'start': '2022-02-20 16:01:00', 'end': '2022-02-21 16:00:00', 'value': 9.7, 'num_readings': 96, 'percentage_capture': 100, 'rating': 1}, 'no2': {'start': '2022-02-21 15:01:00', 'end': '2022-02-21 16:00:00', 'value': 26.87, 'num_readings': 4, 'percentage_capture': 100, 'rating': 1}}",63667,1
73,2000,Station 58,"Kilkitt, Co. Monaghan",54.081974,-6.88651,EPA-58,EPA-58,0000-00-00,25,321683507.0,"{'monitor_type_id': 25, 'name': 'Multiple', 'manufacturer': 'Multiple', 'category': 'air', 'sample_code': '', 'sample_serial_number': ''}","{'air_reading_id': 321683507, 'monitor_id': 2000, 'project_id': 2399, 'recorded_at': '2022-02-21 16:00:00', 'pm10': None, 'pm2_5': None, 'no2': 1.0838, 'o3': 110.391, 'so2': 5.1135, 'co': None, 'date': '21-02-2022', 'time': '16:00', 'secs_since': 1968, 'time_since': '32 mins', 'status': 'green'}","{'o3': {'start': '2022-02-21 08:01:00', 'end': '2022-02-21 16:00:00', 'value': 111.86, 'num_readings': 32, 'percentage_capture': 100, 'rating': 4}, 'no2': {'start': '2022-02-21 15:01:00', 'end': '2022-02-21 16:00:00', 'value': 1.04, 'num_readings': 4, 'percentage_capture': 100, 'rating': 1}, 'so2': {'start': '2022-02-21 15:01:00', 'end': '2022-02-21 16:00:00', 'value': 5.03, 'num_readings': 4, 'percentage_capture': 100, 'rating': 1}}",63740,4
74,2085,TNO3952,Monaghan Town,54.24634,-6.961403,TNO3952,TNO3952,0000-00-00,19,321684931.0,"{'monitor_type_id': 19, 'name': 'Osiris', 'manufacturer': 'Turnkey', 'category': 'air', 'sample_code': 'TNO1234', 'sample_serial_number': 'TNO1234'}","{'air_reading_id': 321684931, 'monitor_id': 2085, 'project_id': 2497, 'recorded_at': '2022-02-21 16:15:00', 'pm10': 26.4, 'pm2_5': 22.39, 'no2': None, 'o3': None, 'so2': None, 'co': None, 'date': '21-02-2022', 'time': '16:15', 'secs_since': 1068, 'time_since': '17 mins', 'status': 'green'}","{'pm10': {'start': '2022-02-20 16:01:00', 'end': '2022-02-21 16:00:00', 'value': 24.07, 'num_readings': 95, 'percentage_capture': 98, 'rating': 2}, 'pm2_5': {'start': '2022-02-20 16:01:00', 'end': '2022-02-21 16:00:00', 'value': 22.45, 'num_readings': 95, 'percentage_capture': 98, 'rating': 2}}",53124,2
75,3784,TNO4465,"Banagher, Co. Offaly",53.190239,-7.986503,TNO4465,TNO4465,,19,321685078.0,"{'monitor_type_id': 19, 'name': 'Osiris', 'manufacturer': 'Turnkey', 'category': 'air', 'sample_code': 'TNO1234', 'sample_serial_number': 'TNO1234'}","{'air_reading_id': 321685078, 'monitor_id': 3784, 'project_id': 2497, 'recorded_at': '2022-02-21 16:15:00', 'pm10': 46.3, 'pm2_5': 34.71, 'no2': None, 'o3': None, 'so2': None, 'co': None, 'date': '21-02-2022', 'time': '16:15', 'secs_since': 1068, 'time_since': '17 mins', 'status': 'green'}","{'pm10': {'start': '2022-02-20 16:01:00', 'end': '2022-02-21 16:00:00', 'value': 25.7, 'num_readings': 95, 'percentage_capture': 98, 'rating': 2}, 'pm2_5': {'start': '2022-02-20 16:01:00', 'end': '2022-02-21 16:00:00', 'value': 22.15, 'num_readings': 95, 'percentage_capture': 98, 'rating': 2}}",4319,2
76,2246,Station 79,"Birr, Co. Offaly",53.094459,-7.908588,EPA-79,EPA-79,0000-00-00,25,321667333.0,"{'monitor_type_id': 25, 'name': 'Multiple', 'manufacturer': 'Multiple', 'category': 'air', 'sample_code': '', 'sample_serial_number': ''}","{'air_reading_id': 321667333, 'monitor_id': 2246, 'project_id': 2399, 'recorded_at': '2022-02-21 15:00:00', 'pm10': 34.5726, 'pm2_5': 19.7724, 'no2': 3.9484, 'o3': None, 'so2': None, 'co': 1.0274, 'date': '21-02-2022', 'time': '15:00', 'secs_since': 5568, 'time_since': '1 hour', 'status': 'green'}","{'pm10': {'start': '2022-02-20 15:01:00', 'end': '2022-02-21 15:00:00', 'value': 18.3, 'num_readings': 96, 'percentage_capture': 100, 'rating': 2}, 'pm2_5': {'start': '2022-02-20 15:01:00', 'end': '2022-02-21 15:00:00', 'value': 11.3, 'num_readings': 96, 'percentage_capture': 100, 'rating': 1}, 'no2': {'start': '2022-02-21 14:01:00', 'end': '2022-02-21 15:00:00', 'value': 4.08, 'num_readings': 4, 'percentage_capture': 100, 'rating': 1}, 'co': {'start': '2022-02-21 14:01:00', 'end': '2022-02-21 15:00:00', 'value': 0.9, 'num_readings': 4, 'percentage_capture': 100, 'rating': None}}",48364,2
77,3397,Station 102,"Edenderry Library, Co. Offaly",53.3425,-7.0475,EPA-102,EPA-102,0000-00-00,25,321683605.0,"{'monitor_type_id': 25, 'name': 'Multiple', 'manufacturer': 'Multiple', 'category': 'air', 'sample_code': '', 'sample_serial_number': ''}","{'air_reading_id': 321683605, 'monitor_id': 3397, 'project_id': 2399, 'recorded_at': '2022-02-21 16:00:00', 'pm10': None, 'pm2_5': None, 'no2': 13.7998, 'o3': None, 'so2': 0.2838, 'co': None, 'date': '21-02-2022', 'time': '16:00', 'secs_since': 1968, 'time_since': '32 mins', 'status': 'green'}","{'no2': {'start': '2022-02-21 15:01:00', 'end': '2022-02-21 16:00:00', 'value': 12.21, 'num_readings': 4, 'percentage_capture': 100, 'rating': 1}, 'so2': {'start': '2022-02-21 15:01:00', 'end': '2022-02-21 16:00:00', 'value': 0.32, 'num_readings': 4, 'percentage_capture': 100, 'rating': 1}}",16666,1
78,2083,TNO3948,"Tullamore, Co. Offaly",53.273135,-7.4966531,TNO3948,TNO3948,0000-00-00,19,321684917.0,"{'monitor_type_id': 19, 'name': 'Osiris', 'manufacturer': 'Turnkey', 'category': 'air', 'sample_code': 'TNO1234', 'sample_serial_number': 'TNO1234'}","{'air_reading_id': 321684917, 'monitor_id': 2083, 'project_id': 2497, 'recorded_at': '2022-02-21 16:15:00', 'pm10': 35.2, 'pm2_5': 29.1, 'no2': None, 'o3': None, 'so2': None, 'co': None, 'date': '21-02-2022', 'time': '16:15', 'secs_since': 1068, 'time_since': '17 mins', 'status': 'green'}","{'pm10': {'start': '2022-02-20 16:01:00', 'end': '2022-02-21 16:00:00', 'value': 20.47, 'num_readings': 95, 'percentage_capture': 98, 'rating': 2}, 'pm2_5': {'start': '2022-02-20 16:01:00', 'end': '2022-02-21 16:00:00', 'value': 18.81, 'num_readings': 95, 'percentage_capture': 98, 'rating': 2}}",70188,2
79,1995,Station 53,Roscommon Town,53.629979,-8.194658,EPA-53,EPA-53,0000-00-00,23,321683494.0,"{'monitor_type_id': 23, 'name': 'Fidas 200', 'manufacturer': 'Palas', 'category': 'air', 'sample_code': '', 'sample_serial_number': ''}","{'air_reading_id': 321683494, 'monitor_id': 1995, 'project_id': 2399, 'recorded_at': '2022-02-21 16:15:00', 'pm10': 31.9, 'pm2_5': 16.99, 'no2': None, 'o3': None, 'so2': None, 'co': None, 'date': '21-02-2022', 'time': '16:15', 'secs_since': 1068, 'time_since': '17 mins', 'status': 'green'}","{'pm10': {'start': '2022-02-20 16:01:00', 'end': '2022-02-21 16:00:00', 'value': 16.17, 'num_readings': 96, 'percentage_capture': 100, 'rating': 1}, 'pm2_5': {'start': '2022-02-20 16:01:00', 'end': '2022-02-21 16:00:00', 'value': 10.13, 'num_readings': 96, 'percentage_capture': 100, 'rating': 1}}",63008,1
80,2244,Station 77 (Currently Off-line),Sligo Town,54.27296,-8.480431,EPA-77,EPA-77,0000-00-00,25,293354655.0,"{'monitor_type_id': 25, 'name': 'Multiple', 'manufacturer': 'Multiple', 'category': 'air', 'sample_code': '', 'sample_serial_number': ''}","{'air_reading_id': 293354655, 'monitor_id': 2244, 'project_id': 2399, 'recorded_at': '2021-12-10 08:00:00', 'pm10': 15.5862, 'pm2_5': 6.7557, 'no2': 6.2836, 'o3': None, 'so2': None, 'co': None, 'date': '10-12-2021', 'time': '08:00', 'secs_since': 6337968, 'time_since': '2 months', 'status': 'red'}","{'pm10': {'start': '2021-12-09 08:01:00', 'end': '2021-12-10 08:00:00', 'value': 113.83, 'num_readings': 30, 'percentage_capture': 31}, 'pm2_5': {'start': '2021-12-09 08:01:00', 'end': '2021-12-10 08:00:00', 'value': 107.91, 'num_readings': 30, 'percentage_capture': 31}, 'no2': {'start': '2021-12-10 07:01:00', 'end': '2021-12-10 08:00:00', 'value': 8.24, 'num_readings': 2, 'percentage_capture': 50}}",45682,0
81,2017,Station 75,"Clonmel, Co. Tipperary",52.354598,-7.698412,EPA-75,EPA-75,0000-00-00,23,321683572.0,"{'monitor_type_id': 23, 'name': 'Fidas 200', 'manufacturer': 'Palas', 'category': 'air', 'sample_code': '', 'sample_serial_number': ''}","{'air_reading_id': 321683572, 'monitor_id': 2017, 'project_id': 2399, 'recorded_at': '2022-02-21 16:15:00', 'pm10': 28.95, 'pm2_5': 16.13, 'no2': None, 'o3': None, 'so2': None, 'co': None, 'date': '21-02-2022', 'time': '16:15', 'secs_since': 1068, 'time_since': '17 mins', 'status': 'green'}","{'pm10': {'start': '2022-02-20 16:01:00', 'end': '2022-02-21 16:00:00', 'value': 22.14, 'num_readings': 96, 'percentage_capture': 100, 'rating': 2}, 'pm2_5': {'start': '2022-02-20 16:01:00', 'end': '2022-02-21 16:00:00', 'value': 13.28, 'num_readings': 96, 'percentage_capture': 100, 'rating': 2}}",62535,2
82,2080,A-TNO3957 (Communication Issue),"Nenagh, Co. Tipperary",52.86845,-8.20581,A-TNO3957,A-TNO3957,0000-00-00,19,243215357.0,"{'monitor_type_id': 19, 'name': 'Osiris', 'manufacturer': 'Turnkey', 'category': 'air', 'sample_code': 'TNO1234', 'sample_serial_number': 'TNO1234'}","{'air_reading_id': 243215357, 'monitor_id': 2080, 'project_id': 2497, 'recorded_at': '2021-07-14 16:30:00', 'pm10': 4, 'pm2_5': 1.09, 'no2': None, 'o3': None, 'so2': None, 'co': None, 'date': '14-07-2021', 'time': '16:30', 'secs_since': 19184568, 'time_since': '7 months', 'status': 'red'}",,33282,0
83,2008,Station 66,Tipperary Town,52.47934,-8.157014,EPA-66,EPA-66,0000-00-00,23,321687735.0,"{'monitor_type_id': 23, 'name': 'Fidas 200', 'manufacturer': 'Palas', 'category': 'air', 'sample_code': '', 'sample_serial_number': ''}","{'air_reading_id': 321687735, 'monitor_id': 2008, 'project_id': 2399, 'recorded_at': '2022-02-21 16:30:00', 'pm10': 36.98, 'pm2_5': 16.54, 'no2': None, 'o3': None, 'so2': None, 'co': None, 'date': '21-02-2022', 'time': '16:30', 'secs_since': 168, 'time_since': '2 mins', 'status': 'green'}","{'pm10': {'start': '2022-02-20 16:01:00', 'end': '2022-02-21 16:00:00', 'value': 29.73, 'num_readings': 96, 'percentage_capture': 100, 'rating': 2}, 'pm2_5': {'start': '2022-02-20 16:01:00', 'end': '2022-02-21 16:00:00', 'value': 15.47, 'num_readings': 96, 'percentage_capture': 100, 'rating': 2}}",63631,2
84,2001,Station 59,"Brownes Road, Waterford",52.246975,-7.141646,EPA-59,EPA-59,0000-00-00,25,321683509.0,"{'monitor_type_id': 25, 'name': 'Multiple', 'manufacturer': 'Multiple', 'category': 'air', 'sample_code': '', 'sample_serial_number': ''}","{'air_reading_id': 321683509, 'monitor_id': 2001, 'project_id': 2399, 'recorded_at': '2022-02-21 15:00:00', 'pm10': 33.5137, 'pm2_5': 17.4705, 'no2': 3.8059000000000003, 'o3': 85.7042, 'so2': None, 'co': None, 'date': '21-02-2022', 'time': '15:00', 'secs_since': 5568, 'time_since': '1 hour', 'status': 'green'}","{'pm10': {'start': '2022-02-20 15:01:00', 'end': '2022-02-21 15:00:00', 'value': 19.76, 'num_readings': 96, 'percentage_capture': 100, 'rating': 2}, 'pm2_5': {'start': '2022-02-20 15:01:00', 'end': '2022-02-21 15:00:00', 'value': 11.46, 'num_readings': 96, 'percentage_capture': 100, 'rating': 1}, 'o3': {'start': '2022-02-21 07:01:00', 'end': '2022-02-21 15:00:00', 'value': 93.1, 'num_readings': 32, 'percentage_capture': 100, 'rating': 3}, 'no2': {'start': '2022-02-21 14:01:00', 'end': '2022-02-21 15:00:00', 'value': 5.92, 'num_readings': 4, 'percentage_capture': 100, 'rating': 1}}",61703,3
85,2081,TNO3946,"Dungarvan, Co. Waterford",52.090561,-7.620018,TNO3946,TNO3946,0000-00-00,19,321684915.0,"{'monitor_type_id': 19, 'name': 'Osiris', 'manufacturer': 'Turnkey', 'category': 'air', 'sample_code': 'TNO1234', 'sample_serial_number': 'TNO1234'}","{'air_reading_id': 321684915, 'monitor_id': 2081, 'project_id': 2497, 'recorded_at': '2022-02-21 16:15:00', 'pm10': 31.4, 'pm2_5': 26.14, 'no2': None, 'o3': None, 'so2': None, 'co': None, 'date': '21-02-2022', 'time': '16:15', 'secs_since': 1068, 'time_since': '17 mins', 'status': 'green'}","{'pm10': {'start': '2022-02-20 16:01:00', 'end': '2022-02-21 16:00:00', 'value': 27.18, 'num_readings': 95, 'percentage_capture': 98, 'rating': 2}, 'pm2_5': {'start': '2022-02-20 16:01:00', 'end': '2022-02-21 16:00:00', 'value': 24.62, 'num_readings': 95, 'percentage_capture': 98, 'rating': 3}}",66737,3
86,2012,Station 70,"Athlone Civic Centre & Library, Co. Westmeath",53.424323,-7.937372,EPA-70,EPA-70,0000-00-00,23,321683552.0,"{'monitor_type_id': 23, 'name': 'Fidas 200', 'manufacturer': 'Palas', 'category': 'air', 'sample_code': '', 'sample_serial_number': ''}","{'air_reading_id': 321683552, 'monitor_id': 2012, 'project_id': 2399, 'recorded_at': '2022-02-21 16:00:00', 'pm10': 41.84, 'pm2_5': 24.21, 'no2': None, 'o3': None, 'so2': None, 'co': None, 'date': '21-02-2022', 'time': '16:00', 'secs_since': 1968, 'time_since': '32 mins', 'status': 'green'}","{'pm10': {'start': '2022-02-20 16:01:00', 'end': '2022-02-21 16:00:00', 'value': 21.31, 'num_readings': 96, 'percentage_capture': 100, 'rating': 2}, 'pm2_5': {'start': '2022-02-20 16:01:00', 'end': '2022-02-21 16:00:00', 'value': 13.11, 'num_readings': 96, 'percentage_capture': 100, 'rating': 2}}",61118,2
87,2091,TNO4159,"Mullingar, Co. Westmeath",53.525156,-7.337529,TNO4159,TNO4159,0000-00-00,19,321684976.0,"{'monitor_type_id': 19, 'name': 'Osiris', 'manufacturer': 'Turnkey', 'category': 'air', 'sample_code': 'TNO1234', 'sample_serial_number': 'TNO1234'}","{'air_reading_id': 321684976, 'monitor_id': 2091, 'project_id': 2497, 'recorded_at': '2022-02-21 16:15:00', 'pm10': 35, 'pm2_5': 31.36, 'no2': None, 'o3': None, 'so2': None, 'co': None, 'date': '21-02-2022', 'time': '16:15', 'secs_since': 1068, 'time_since': '17 mins', 'status': 'green'}","{'pm10': {'start': '2022-02-20 16:01:00', 'end': '2022-02-21 16:00:00', 'value': 21.1, 'num_readings': 95, 'percentage_capture': 98, 'rating': 2}, 'pm2_5': {'start': '2022-02-20 16:01:00', 'end': '2022-02-21 16:00:00', 'value': 19.92, 'num_readings': 95, 'percentage_capture': 98, 'rating': 2}}",47941,2
88,1976,Station 28,"Carnsore Point, Co. Wexford",52.173126,-6.363652,EPA-28,EPA-28,0000-00-00,25,321687732.0,"{'monitor_type_id': 25, 'name': 'Multiple', 'manufacturer': 'Multiple', 'category': 'air', 'sample_code': '', 'sample_serial_number': ''}","{'air_reading_id': 321687732, 'monitor_id': 1976, 'project_id': 2399, 'recorded_at': '2022-02-21 15:00:00', 'pm10': None, 'pm2_5': None, 'no2': None, 'o3': 73.4418, 'so2': None, 'co': None, 'date': '21-02-2022', 'time': '15:00', 'secs_since': 5568, 'time_since': '1 hour', 'status': 'green'}","{'o3': {'start': '2022-02-21 07:01:00', 'end': '2022-02-21 15:00:00', 'value': 75.14, 'num_readings': 8, 'percentage_capture': 100, 'rating': 3}}",14705,3
89,1972,Station 24,"Enniscorthy, Co. Wexford",52.50049,-6.57034,EPA-24,EPA-24,0000-00-00,23,321683413.0,"{'monitor_type_id': 23, 'name': 'Fidas 200', 'manufacturer': 'Palas', 'category': 'air', 'sample_code': '', 'sample_serial_number': ''}","{'air_reading_id': 321683413, 'monitor_id': 1972, 'project_id': 2399, 'recorded_at': '2022-02-21 16:00:00', 'pm10': 32.06, 'pm2_5': 19.66, 'no2': None, 'o3': None, 'so2': None, 'co': None, 'date': '21-02-2022', 'time': '16:00', 'secs_since': 1968, 'time_since': '32 mins', 'status': 'green'}","{'pm10': {'start': '2022-02-20 16:01:00', 'end': '2022-02-21 16:00:00', 'value': 17.16, 'num_readings': 96, 'percentage_capture': 100, 'rating': 2}, 'pm2_5': {'start': '2022-02-20 16:01:00', 'end': '2022-02-21 16:00:00', 'value': 10.6, 'num_readings': 96, 'percentage_capture': 100, 'rating': 1}}",63697,1
90,2100,TNT1677 [Undergoing Calibration],"Enniscorthy, Co. Wexford",52.500555,-6.570197,TNT1677,TNT1677,0000-00-00,27,,"{'monitor_type_id': 27, 'name': 'Topas', 'manufacturer': 'Turnkey', 'category': 'air', 'sample_code': 'TNT1234', 'sample_serial_number': 'TNT1234'}",,,0,0
91,2099,TNT1516 [Undergoing Calibration],"Gorey, Co. Wexford",52.67628,-6.28569,TNT1516,TNT1516,0000-00-00,27,189644855.0,"{'monitor_type_id': 27, 'name': 'Topas', 'manufacturer': 'Turnkey', 'category': 'air', 'sample_code': 'TNT1234', 'sample_serial_number': 'TNT1234'}","{'air_reading_id': 189644855, 'monitor_id': 2099, 'project_id': 2497, 'recorded_at': '2021-01-21 10:20:00', 'pm10': 1.2, 'pm2_5': 0.62, 'no2': None, 'o3': None, 'so2': None, 'co': None, 'date': '21-01-2021', 'time': '10:20', 'secs_since': 34236769, 'time_since': '14 months', 'status': 'red'}","{'pm10': {'start': '2021-01-20 10:01:00', 'end': '2021-01-21 10:00:00', 'value': 0.77, 'num_readings': 81, 'percentage_capture': 84}, 'pm2_5': {'start': '2021-01-20 10:01:00', 'end': '2021-01-21 10:00:00', 'value': 0.41000000000000003, 'num_readings': 81, 'percentage_capture': 84}}",14147,0
92,2098,TNT1506 (Undergoing Calibration),"New Ross, Co. Wexford",52.389711,-6.943624,TNT1506,TNT1506,0000-00-00,27,273158418.0,"{'monitor_type_id': 27, 'name': 'Topas', 'manufacturer': 'Turnkey', 'category': 'air', 'sample_code': 'TNT1234', 'sample_serial_number': 'TNT1234'}","{'air_reading_id': 273158418, 'monitor_id': 2098, 'project_id': 2497, 'recorded_at': '2021-10-13 13:30:00', 'pm10': 6.8, 'pm2_5': 1.47, 'no2': None, 'o3': None, 'so2': None, 'co': None, 'date': '13-10-2021', 'time': '13:30', 'secs_since': 11332969, 'time_since': '4 months', 'status': 'red'}",,61952,0
93,2097,TNT1505 [Undergoing Calibration],"Talbot Green, Wexford",52.332566,-6.467005,TNT1505,TNT1505,0000-00-00,27,172728779.0,"{'monitor_type_id': 27, 'name': 'Topas', 'manufacturer': 'Turnkey', 'category': 'air', 'sample_code': 'TNT1234', 'sample_serial_number': 'TNT1234'}","{'air_reading_id': 172728779, 'monitor_id': 2097, 'project_id': 2497, 'recorded_at': '2020-11-20 21:25:00', 'pm10': 26, 'pm2_5': 20.98, 'no2': None, 'o3': None, 'so2': None, 'co': None, 'date': '20-11-2020', 'time': '21:25', 'secs_since': 39553669, 'time_since': '16 months', 'status': 'red'}","{'pm10': {'start': '2020-11-19 21:01:00', 'end': '2020-11-20 21:00:00', 'value': 15.95, 'num_readings': 287, 'percentage_capture': 298}, 'pm2_5': {'start': '2020-11-19 21:01:00', 'end': '2020-11-20 21:00:00', 'value': 12.53, 'num_readings': 287, 'percentage_capture': 298}}",12182,0
94,2005,Station 63,Wexford Opera House,52.338033,-6.462139,EPA-63,EPA-63,0000-00-00,23,321683531.0,"{'monitor_type_id': 23, 'name': 'Fidas 200', 'manufacturer': 'Palas', 'category': 'air', 'sample_code': '', 'sample_serial_number': ''}","{'air_reading_id': 321683531, 'monitor_id': 2005, 'project_id': 2399, 'recorded_at': '2022-02-21 16:00:00', 'pm10': 36.37, 'pm2_5': 22.24, 'no2': None, 'o3': None, 'so2': None, 'co': None, 'date': '21-02-2022', 'time': '16:00', 'secs_since': 1969, 'time_since': '32 mins', 'status': 'green'}","{'pm10': {'start': '2022-02-20 16:01:00', 'end': '2022-02-21 16:00:00', 'value': 19.16, 'num_readings': 96, 'percentage_capture': 100, 'rating': 2}, 'pm2_5': {'start': '2022-02-20 16:01:00', 'end': '2022-02-21 16:00:00', 'value': 12.06, 'num_readings': 96, 'percentage_capture': 100, 'rating': 2}}",60191,2
95,1965,Station 13,"Bray, Co. Wicklow",53.187251,-6.121964,EPA-13,EPA-13,0000-00-00,25,321683387.0,"{'monitor_type_id': 25, 'name': 'Multiple', 'manufacturer': 'Multiple', 'category': 'air', 'sample_code': '', 'sample_serial_number': ''}","{'air_reading_id': 321683387, 'monitor_id': 1965, 'project_id': 2399, 'recorded_at': '2022-02-21 15:00:00', 'pm10': None, 'pm2_5': 3.9, 'no2': None, 'o3': 94.5629, 'so2': None, 'co': None, 'date': '21-02-2022', 'time': '15:00', 'secs_since': 5569, 'time_since': '1 hour', 'status': 'green'}","{'pm2_5': {'start': '2022-02-20 15:01:00', 'end': '2022-02-21 15:00:00', 'value': 3.84, 'num_readings': 96, 'percentage_capture': 100, 'rating': 1}, 'o3': {'start': '2022-02-21 07:01:00', 'end': '2022-02-21 15:00:00', 'value': 104.33, 'num_readings': 32, 'percentage_capture': 100, 'rating': 4}}",63269,4
96,3269,Station 101,Greystones Fire Station,53.149794,-6.070582,EPA-101,EPA-101,,23,321683601.0,"{'monitor_type_id': 23, 'name': 'Fidas 200', 'manufacturer': 'Palas', 'category': 'air', 'sample_code': '', 'sample_serial_number': ''}","{'air_reading_id': 321683601, 'monitor_id': 3269, 'project_id': 2399, 'recorded_at': '2022-02-21 16:00:00', 'pm10': 18.87, 'pm2_5': 10.01, 'no2': None, 'o3': None, 'so2': None, 'co': None, 'date': '21-02-2022', 'time': '16:00', 'secs_since': 1969, 'time_since': '32 mins', 'status': 'green'}","{'pm10': {'start': '2022-02-20 16:01:00', 'end': '2022-02-21 16:00:00', 'value': 13.12, 'num_readings': 96, 'percentage_capture': 100, 'rating': 1}, 'pm2_5': {'start': '2022-02-20 16:01:00', 'end': '2022-02-21 16:00:00', 'value': 8.32, 'num_readings': 96, 'percentage_capture': 100, 'rating': 1}}",22605,1
