,monitor_id,label,location,latitude,longitude,code,serial_number,last_calibrated,monitor_type_id,latest_reading_id,monitor_type,latest_reading,latest_averages,num_readings,current_rating,air_reading_id,project_id,recorded_at,pm10,pm2_5,no2,o3,so2,co,date,time,secs_since,time_since,status
0,1996,Station 54,Carlow Town,52.839751,-6.931922,EPA-54,EPA-54,0000-00-00,23,333375824.0,"{'monitor_type_id': 23, 'name': 'Fidas 200', 'manufacturer': 'Palas', 'category': 'air', 'sample_code': '', 'sample_serial_number': ''}","{'air_reading_id': 333375824, 'monitor_id': 1996, 'project_id': 2399, 'recorded_at': '2022-03-23 23:30:00', 'pm10': 39.53, 'pm2_5': 27.9, 'no2': None, 'o3': None, 'so2': None, 'co': None, 'date': '23-03-2022', 'time': '23:30', 'secs_since': 1304, 'time_since': '21 mins', 'status': 'green'}","{'pm10': {'start': '2022-03-22 23:01:00', 'end': '2022-03-23 23:00:00', 'value': 26.77, 'num_readings': 96, 'percentage_capture': 100, 'rating': 2}, 'pm2_5': {'start': '2022-03-22 23:01:00', 'end': '2022-03-23 23:00:00', 'value': 18.39, 'num_readings': 96, 'percentage_capture': 100, 'rating': 2}}",66614,2,333375824.0,2399.0,2022-03-23 23:30:00,39.53,27.9,,,,,23-03-2022,23:30,1304.0,21 mins,green
1,2245,Station 78,Cavan Town,53.99356,-7.3628,EPA-78,EPA-78,0000-00-00,23,333372116.0,"{'monitor_type_id': 23, 'name': 'Fidas 200', 'manufacturer': 'Palas', 'category': 'air', 'sample_code': '', 'sample_serial_number': ''}","{'air_reading_id': 333372116, 'monitor_id': 2245, 'project_id': 2399, 'recorded_at': '2022-03-23 23:00:00', 'pm10': 21.54, 'pm2_5': 16.79, 'no2': None, 'o3': None, 'so2': None, 'co': None, 'date': '23-03-2022', 'time': '23:00', 'secs_since': 3104, 'time_since': '51 mins', 'status': 'green'}","{'pm10': {'start': '2022-03-22 23:01:00', 'end': '2022-03-23 23:00:00', 'value': 26.74, 'num_readings': 96, 'percentage_capture': 100, 'rating': 2}, 'pm2_5': {'start': '2022-03-22 23:01:00', 'end': '2022-03-23 23:00:00', 'value': 19.52, 'num_readings': 96, 'percentage_capture': 100, 'rating': 2}}",55690,2,333372116.0,2399.0,2022-03-23 23:00:00,21.54,16.79,,,,,23-03-2022,23:00,3104.0,51 mins,green
2,1973,Station 25,"Ennis, Co. Clare",52.843206,-8.989332,EPA-25,EPA-25,0000-00-00,25,333020728.0,"{'monitor_type_id': 25, 'name': 'Multiple', 'manufacturer': 'Multiple', 'category': 'air', 'sample_code': '', 'sample_serial_number': ''}","{'air_reading_id': 333020728, 'monitor_id': 1973, 'project_id': 2399, 'recorded_at': '2022-03-22 23:00:00', 'pm10': 27.4384, 'pm2_5': 22.6325, 'no2': None, 'o3': None, 'so2': 5.7328, 'co': None, 'date': '22-03-2022', 'time': '23:00', 'secs_since': 89504, 'time_since': '1 day', 'status': 'red'}","{'pm10': {'start': '2022-03-21 23:01:00', 'end': '2022-03-22 23:00:00', 'value': 23.1, 'num_readings': 96, 'percentage_capture': 100}, 'pm2_5': {'start': '2022-03-21 23:01:00', 'end': '2022-03-22 23:00:00', 'value': 17.28, 'num_readings': 96, 'percentage_capture': 100}, 'so2': {'start': '2022-03-22 22:01:00', 'end': '2022-03-22 23:00:00', 'value': 6.28, 'num_readings': 4, 'percentage_capture': 100}}",62256,1,333020728.0,2399.0,2022-03-22 23:00:00,27.4384,22.6325,,,5.7328,,22-03-2022,23:00,89504.0,1 day,red
3,2082,TNO3947,"Ennistymon, Co. Clare",52.9404719,-9.2944376,TNO3947,TNO3947,0000-00-00,19,333380389.0,"{'monitor_type_id': 19, 'name': 'Osiris', 'manufacturer': 'Turnkey', 'category': 'air', 'sample_code': 'TNO1234', 'sample_serial_number': 'TNO1234'}","{'air_reading_id': 333380389, 'monitor_id': 2082, 'project_id': 2497, 'recorded_at': '2022-03-23 23:45:00', 'pm10': 13.3, 'pm2_5': 9.13, 'no2': None, 'o3': None, 'so2': None, 'co': None, 'date': '23-03-2022', 'time': '23:45', 'secs_since': 404, 'time_since': '6 mins', 'status': 'green'}","{'pm10': {'start': '2022-03-22 23:01:00', 'end': '2022-03-23 23:00:00', 'value': 14.38, 'num_readings': 95, 'percentage_capture': 98, 'rating': 1}, 'pm2_5': {'start': '2022-03-22 23:01:00', 'end': '2022-03-23 23:00:00', 'value': 10.12, 'num_readings': 95, 'percentage_capture': 98, 'rating': 1}}",76511,1,333380389.0,2497.0,2022-03-23 23:45:00,13.3,9.13,,,,,23-03-2022,23:45,404.0,6 mins,green
4,2002,Station 60,"Cobh Carrignafoy, Co. Cork",51.855057,-8.287827,EPA-60,EPA-60,0000-00-00,23,333372072.0,"{'monitor_type_id': 23, 'name': 'Fidas 200', 'manufacturer': 'Palas', 'category': 'air', 'sample_code': '', 'sample_serial_number': ''}","{'air_reading_id': 333372072, 'monitor_id': 2002, 'project_id': 2399, 'recorded_at': '2022-03-23 22:00:00', 'pm10': 34.516, 'pm2_5': 25.433, 'no2': None, 'o3': None, 'so2': None, 'co': None, 'date': '23-03-2022', 'time': '22:00', 'secs_since': 6704, 'time_since': '1 hour', 'status': 'green'}","{'pm10': {'start': '2022-03-22 22:01:00', 'end': '2022-03-23 22:00:00', 'value': 29.17, 'num_readings': 96, 'percentage_capture': 100, 'rating': 2}, 'pm2_5': {'start': '2022-03-22 22:01:00', 'end': '2022-03-23 22:00:00', 'value': 19.04, 'num_readings': 96, 'percentage_capture': 100, 'rating': 2}}",66654,2,333372072.0,2399.0,2022-03-23 22:00:00,34.516,25.433,,,,,23-03-2022,22:00,6704.0,1 hour,green
5,1978,Station 30 (Ozone Instrument Issue),Munster Technological University,51.88411,-8.533192,EPA-30,EPA-30,0000-00-00,25,333372004.0,"{'monitor_type_id': 25, 'name': 'Multiple', 'manufacturer': 'Multiple', 'category': 'air', 'sample_code': '', 'sample_serial_number': ''}","{'air_reading_id': 333372004, 'monitor_id': 1978, 'project_id': 2399, 'recorded_at': '2022-03-23 23:00:00', 'pm10': None, 'pm2_5': None, 'no2': None, 'o3': None, 'so2': 0.7983, 'co': None, 'date': '23-03-2022', 'time': '23:00', 'secs_since': 3104, 'time_since': '51 mins', 'status': 'green'}","{'pm10': {'start': '2022-03-22 23:01:00', 'end': '2022-03-23 23:00:00', 'value': 31.9, 'num_readings': 22, 'percentage_capture': 22, 'rating': 0}, 'so2': {'start': '2022-03-23 22:01:00', 'end': '2022-03-23 23:00:00', 'value': 0.67, 'num_readings': 4, 'percentage_capture': 100, 'rating': 1}}",62949,2,333372004.0,2399.0,2022-03-23 23:00:00,,,,,0.7983,,23-03-2022,23:00,3104.0,51 mins,green
6,2014,Station 72,Cork Harbour,51.849479,-8.297432,EPA-72,EPA-72,0000-00-00,25,333372102.0,"{'monitor_type_id': 25, 'name': 'Multiple', 'manufacturer': 'Multiple', 'category': 'air', 'sample_code': '', 'sample_serial_number': ''}","{'air_reading_id': 333372102, 'monitor_id': 2014, 'project_id': 2399, 'recorded_at': '2022-03-23 23:00:00', 'pm10': 42.1429, 'pm2_5': None, 'no2': None, 'o3': None, 'so2': None, 'co': None, 'date': '23-03-2022', 'time': '23:00', 'secs_since': 3104, 'time_since': '51 mins', 'status': 'green'}","{'pm10': {'start': '2022-03-22 23:01:00', 'end': '2022-03-23 23:00:00', 'value': 38.53, 'num_readings': 24, 'percentage_capture': 25, 'rating': 0}}",66614,3,333372102.0,2399.0,2022-03-23 23:00:00,42.1429,,,,,,23-03-2022,23:00,3104.0,51 mins,green
7,3786,Station 104,Cork Lower Glanmire Road,51.902915,-8.444393,EPA-104,EPA-104,0000-00-00,25,333221710.0,"{'monitor_type_id': 25, 'name': 'Multiple', 'manufacturer': 'Multiple', 'category': 'air', 'sample_code': '', 'sample_serial_number': ''}","{'air_reading_id': 333221710, 'monitor_id': 3786, 'project_id': 2399, 'recorded_at': '2022-03-23 13:00:00', 'pm10': None, 'pm2_5': None, 'no2': 116.514, 'o3': 46.6927, 'so2': None, 'co': None, 'date': '23-03-2022', 'time': '13:00', 'secs_since': 39104, 'time_since': '10 hours', 'status': 'yellow'}","{'o3': {'start': '2022-03-23 05:01:00', 'end': '2022-03-23 13:00:00', 'value': 34.6, 'num_readings': 32, 'percentage_capture': 100, 'rating': 2}, 'no2': {'start': '2022-03-23 12:01:00', 'end': '2022-03-23 13:00:00', 'value': 88.72, 'num_readings': 4, 'percentage_capture': 100, 'rating': 2}}",3924,2,333221710.0,2399.0,2022-03-23 13:00:00,,,116.514,46.6927,,,23-03-2022,13:00,39104.0,10 hours,yellow
8,1963,Station 10,"Heatherton Park, Cork",51.881867,-8.457129,EPA-10,EPA-10,0000-00-00,23,333375821.0,"{'monitor_type_id': 23, 'name': 'Fidas 200', 'manufacturer': 'Palas', 'category': 'air', 'sample_code': '', 'sample_serial_number': ''}","{'air_reading_id': 333375821, 'monitor_id': 1963, 'project_id': 2399, 'recorded_at': '2022-03-23 23:30:00', 'pm10': 40.48, 'pm2_5': 35.36, 'no2': None, 'o3': None, 'so2': None, 'co': None, 'date': '23-03-2022', 'time': '23:30', 'secs_since': 1304, 'time_since': '21 mins', 'status': 'green'}","{'pm10': {'start': '2022-03-22 23:01:00', 'end': '2022-03-23 23:00:00', 'value': 27.31, 'num_readings': 96, 'percentage_capture': 100, 'rating': 2}, 'pm2_5': {'start': '2022-03-22 23:01:00', 'end': '2022-03-23 23:00:00', 'value': 18.98, 'num_readings': 96, 'percentage_capture': 100, 'rating': 2}}",57827,2,333375821.0,2399.0,2022-03-23 23:30:00,40.48,35.36,,,,,23-03-2022,23:30,1304.0,21 mins,green
9,2009,Station 67,"Macroom, Co. Cork",51.904843,-8.95249,EPA-67,EPA-67,0000-00-00,25,333372089.0,"{'monitor_type_id': 25, 'name': 'Multiple', 'manufacturer': 'Multiple', 'category': 'air', 'sample_code': '', 'sample_serial_number': ''}","{'air_reading_id': 333372089, 'monitor_id': 2009, 'project_id': 2399, 'recorded_at': '2022-03-23 23:00:00', 'pm10': 68.39, 'pm2_5': 61.02, 'no2': None, 'o3': None, 'so2': None, 'co': None, 'date': '23-03-2022', 'time': '23:00', 'secs_since': 3104, 'time_since': '51 mins', 'status': 'green'}","{'pm10': {'start': '2022-03-22 23:01:00', 'end': '2022-03-23 23:00:00', 'value': 35.98, 'num_readings': 96, 'percentage_capture': 100, 'rating': 3}, 'pm2_5': {'start': '2022-03-22 23:01:00', 'end': '2022-03-23 23:00:00', 'value': 26.56, 'num_readings': 96, 'percentage_capture': 100, 'rating': 3}}",66617,3,333372089.0,2399.0,2022-03-23 23:00:00,68.39,61.02,,,,,23-03-2022,23:00,3104.0,51 mins,green
10,2502,Station 82,"Mallow, Co. Cork",52.1340485,-8.640705,EPA-82,EPA-82,0000-00-00,25,333372128.0,"{'monitor_type_id': 25, 'name': 'Multiple', 'manufacturer': 'Multiple', 'category': 'air', 'sample_code': '', 'sample_serial_number': ''}","{'air_reading_id': 333372128, 'monitor_id': 2502, 'project_id': 2399, 'recorded_at': '2022-03-23 22:45:00', 'pm10': 27.2523, 'pm2_5': 22.1858, 'no2': 6.8914, 'o3': 70.018, 'so2': None, 'co': None, 'date': '23-03-2022', 'time': '22:45', 'secs_since': 4004, 'time_since': '1 hour', 'status': 'green'}","{'pm10': {'start': '2022-03-22 22:01:00', 'end': '2022-03-23 22:00:00', 'value': 26.51, 'num_readings': 96, 'percentage_capture': 100, 'rating': 2}, 'pm2_5': {'start': '2022-03-22 22:01:00', 'end': '2022-03-23 22:00:00', 'value': 16.23, 'num_readings': 96, 'percentage_capture': 100, 'rating': 2}, 'o3': {'start': '2022-03-23 14:01:00', 'end': '2022-03-23 22:00:00', 'value': 89.44, 'num_readings': 32, 'percentage_capture': 100, 'rating': 3}, 'no2': {'start': '2022-03-23 21:01:00', 'end': '2022-03-23 22:00:00', 'value': 16.83, 'num_readings': 4, 'percentage_capture': 100, 'rating': 1}}",41968,3,333372128.0,2399.0,2022-03-23 22:45:00,27.2523,22.1858,6.8914,70.018,,,23-03-2022,22:45,4004.0,1 hour,green
11,1998,Station 56,"South Link Road, Cork",51.878524,-8.465053,EPA-56,EPA-56,0000-00-00,25,333357670.0,"{'monitor_type_id': 25, 'name': 'Multiple', 'manufacturer': 'Multiple', 'category': 'air', 'sample_code': '', 'sample_serial_number': ''}","{'air_reading_id': 333357670, 'monitor_id': 1998, 'project_id': 2399, 'recorded_at': '2022-03-23 22:00:00', 'pm10': 31, 'pm2_5': None, 'no2': 21.2649, 'o3': 37.0092, 'so2': 0.4878, 'co': 0.6959000000000001, 'date': '23-03-2022', 'time': '22:00', 'secs_since': 6704, 'time_since': '1 hour', 'status': 'green'}","{'pm10': {'start': '2022-03-22 22:01:00', 'end': '2022-03-23 22:00:00', 'value': 27.67, 'num_readings': 96, 'percentage_capture': 100, 'rating': 2}, 'o3': {'start': '2022-03-23 14:01:00', 'end': '2022-03-23 22:00:00', 'value': 62.68, 'num_readings': 32, 'percentage_capture': 100, 'rating': 2}, 'no2': {'start': '2022-03-23 21:01:00', 'end': '2022-03-23 22:00:00', 'value': 30.76, 'num_readings': 4, 'percentage_capture': 100, 'rating': 1}, 'so2': {'start': '2022-03-23 21:01:00', 'end': '2022-03-23 22:00:00', 'value': 0.33, 'num_readings': 4, 'percentage_capture': 100, 'rating': 1}, 'co': {'start': '2022-03-23 21:01:00', 'end': '2022-03-23 22:00:00', 'value': 0.68, 'num_readings': 4, 'percentage_capture': 100, 'rating': None}}",65611,2,333357670.0,2399.0,2022-03-23 22:00:00,31.0,,21.2649,37.0092,0.4878,0.6959000000000001,23-03-2022,22:00,6704.0,1 hour,green
12,1969,Station 21 (Ozone Instrument Issue),University College Cork,51.900018,-8.486343,EPA-21,EPA-21,0000-00-00,25,333371990.0,"{'monitor_type_id': 25, 'name': 'Multiple', 'manufacturer': 'Multiple', 'category': 'air', 'sample_code': '', 'sample_serial_number': ''}","{'air_reading_id': 333371990, 'monitor_id': 1969, 'project_id': 2399, 'recorded_at': '2022-03-23 22:00:00', 'pm10': None, 'pm2_5': None, 'no2': 27.4486, 'o3': None, 'so2': None, 'co': None, 'date': '23-03-2022', 'time': '22:00', 'secs_since': 6704, 'time_since': '1 hour', 'status': 'green'}","{'pm2_5': {'start': '2022-03-22 22:01:00', 'end': '2022-03-23 22:00:00', 'value': 12.89, 'num_readings': 36, 'percentage_capture': 37, 'rating': 0}, 'no2': {'start': '2022-03-23 21:01:00', 'end': '2022-03-23 22:00:00', 'value': 21.18, 'num_readings': 4, 'percentage_capture': 100, 'rating': 1}}",66506,1,333371990.0,2399.0,2022-03-23 22:00:00,,,27.4486,,,,23-03-2022,22:00,6704.0,1 hour,green
13,2088,TNO3955,"Buncranna, Co. Donegal",55.137443,-7.456503,TNO3955,TNO3955,0000-00-00,19,333380417.0,"{'monitor_type_id': 19, 'name': 'Osiris', 'manufacturer': 'Turnkey', 'category': 'air', 'sample_code': 'TNO1234', 'sample_serial_number': 'TNO1234'}","{'air_reading_id': 333380417, 'monitor_id': 2088, 'project_id': 2497, 'recorded_at': '2022-03-23 23:45:00', 'pm10': 10.6, 'pm2_5': 7.63, 'no2': None, 'o3': None, 'so2': None, 'co': None, 'date': '23-03-2022', 'time': '23:45', 'secs_since': 404, 'time_since': '6 mins', 'status': 'green'}","{'pm10': {'start': '2022-03-22 23:01:00', 'end': '2022-03-23 23:00:00', 'value': 12.17, 'num_readings': 95, 'percentage_capture': 98, 'rating': 1}, 'pm2_5': {'start': '2022-03-22 23:01:00', 'end': '2022-03-23 23:00:00', 'value': 7.59, 'num_readings': 95, 'percentage_capture': 98, 'rating': 1}}",74367,1,333380417.0,2497.0,2022-03-23 23:45:00,10.6,7.63,,,,,23-03-2022,23:45,404.0,6 mins,green
14,2006,Station 64,"Letterkenny, Co. Donegal",54.954644,-7.734842,EPA-64,EPA-64,0000-00-00,25,333379211.0,"{'monitor_type_id': 25, 'name': 'Multiple', 'manufacturer': 'Multiple', 'category': 'air', 'sample_code': '', 'sample_serial_number': ''}","{'air_reading_id': 333379211, 'monitor_id': 2006, 'project_id': 2399, 'recorded_at': '2022-03-23 23:30:00', 'pm10': 24.3229, 'pm2_5': 19.8319, 'no2': None, 'o3': None, 'so2': 17.9345, 'co': None, 'date': '23-03-2022', 'time': '23:30', 'secs_since': 1304, 'time_since': '21 mins', 'status': 'green'}","{'pm10': {'start': '2022-03-22 23:01:00', 'end': '2022-03-23 23:00:00', 'value': 31.53, 'num_readings': 96, 'percentage_capture': 100, 'rating': 2}, 'pm2_5': {'start': '2022-03-22 23:01:00', 'end': '2022-03-23 23:00:00', 'value': 24.93, 'num_readings': 96, 'percentage_capture': 100, 'rating': 3}, 'so2': {'start': '2022-03-23 22:01:00', 'end': '2022-03-23 23:00:00', 'value': 21.11, 'num_readings': 4, 'percentage_capture': 100, 'rating': 1}}",66639,3,333379211.0,2399.0,2022-03-23 23:30:00,24.3229,19.8319,,,17.9345,,23-03-2022,23:30,1304.0,21 mins,green
15,1975,Station 27 (Protracted Communication Issue),"Malin Head, Co. Donegal",55.372036,-7.339224,EPA-27,EPA-27,0000-00-00,25,268346044.0,"{'monitor_type_id': 25, 'name': 'Multiple', 'manufacturer': 'Multiple', 'category': 'air', 'sample_code': '', 'sample_serial_number': ''}","{'air_reading_id': 268346044, 'monitor_id': 1975, 'project_id': 2399, 'recorded_at': '2021-09-29 18:00:00', 'pm10': None, 'pm2_5': None, 'no2': None, 'o3': 48.7749, 'so2': None, 'co': None, 'date': '29-09-2021', 'time': '18:00', 'secs_since': 15144704, 'time_since': '6 months', 'status': 'red'}","{'o3': {'start': '2021-09-29 10:01:00', 'end': '2021-09-29 18:00:00', 'value': 66.09, 'num_readings': 5, 'percentage_capture': 62}}",14819,0,268346044.0,2399.0,2021-09-29 18:00:00,,,,48.7749,,,29-09-2021,18:00,15144704.0,6 months,red
16,2132,TNO2579,"Amiens Street, Dublin 1",53.352988,-6.248738,TNO2579-EPA,TNO2579-EPA,0000-00-00,19,333354396.0,"{'monitor_type_id': 19, 'name': 'Osiris', 'manufacturer': 'Turnkey', 'category': 'air', 'sample_code': 'TNO1234', 'sample_serial_number': 'TNO1234'}","{'air_reading_id': 333354396, 'monitor_id': 2132, 'project_id': 2497, 'recorded_at': '2022-03-23 22:00:00', 'pm10': 22.4, 'pm2_5': 13.83, 'no2': None, 'o3': None, 'so2': None, 'co': None, 'date': '23-03-2022', 'time': '22:00', 'secs_since': 6704, 'time_since': '1 hour', 'status': 'green'}","{'pm10': {'start': '2022-03-22 22:01:00', 'end': '2022-03-23 22:00:00', 'value': 18.73, 'num_readings': 1439, 'percentage_capture': 1498, 'rating': 2}, 'pm2_5': {'start': '2022-03-22 22:01:00', 'end': '2022-03-23 22:00:00', 'value': 10.46, 'num_readings': 1439, 'percentage_capture': 1498, 'rating': 1}}",77749,2,333354396.0,2497.0,2022-03-23 22:00:00,22.4,13.83,,,,,23-03-2022,22:00,6704.0,1 hour,green
17,1992,Station 50,"Ballyfermot, Dublin 10",53.340159,-6.351706,EPA-50,EPA-50,0000-00-00,25,333237445.0,"{'monitor_type_id': 25, 'name': 'Multiple', 'manufacturer': 'Multiple', 'category': 'air', 'sample_code': '', 'sample_serial_number': ''}","{'air_reading_id': 333237445, 'monitor_id': 1992, 'project_id': 2399, 'recorded_at': '2022-03-23 13:30:00', 'pm10': 21.0976, 'pm2_5': 12.5628, 'no2': None, 'o3': None, 'so2': None, 'co': None, 'date': '23-03-2022', 'time': '13:30', 'secs_since': 37304, 'time_since': '10 hours', 'status': 'yellow'}","{'pm10': {'start': '2022-03-22 13:01:00', 'end': '2022-03-23 13:00:00', 'value': 25.74, 'num_readings': 96, 'percentage_capture': 100, 'rating': 2}, 'pm2_5': {'start': '2022-03-22 13:01:00', 'end': '2022-03-23 13:00:00', 'value': 17.75, 'num_readings': 96, 'percentage_capture': 100, 'rating': 2}}",66542,2,333237445.0,2399.0,2022-03-23 13:30:00,21.0976,12.5628,,,,,23-03-2022,13:30,37304.0,10 hours,yellow
18,2130,TNT1296,"Ballymun Library, Dublin 9",53.390433,-6.26527,TNT1296-EPA,TNT1296-EPA,0000-00-00,27,333378392.0,"{'monitor_type_id': 27, 'name': 'Topas', 'manufacturer': 'Turnkey', 'category': 'air', 'sample_code': 'TNT1234', 'sample_serial_number': 'TNT1234'}","{'air_reading_id': 333378392, 'monitor_id': 2130, 'project_id': 2497, 'recorded_at': '2022-03-23 23:30:00', 'pm10': 24.7, 'pm2_5': 17.87, 'no2': None, 'o3': None, 'so2': None, 'co': None, 'date': '23-03-2022', 'time': '23:30', 'secs_since': 1304, 'time_since': '21 mins', 'status': 'green'}","{'pm10': {'start': '2022-03-22 23:01:00', 'end': '2022-03-23 23:00:00', 'value': 10.76, 'num_readings': 95, 'percentage_capture': 98, 'rating': 1}, 'pm2_5': {'start': '2022-03-22 23:01:00', 'end': '2022-03-23 23:00:00', 'value': 7.65, 'num_readings': 95, 'percentage_capture': 98, 'rating': 1}}",255465,1,333378392.0,2497.0,2022-03-23 23:30:00,24.7,17.87,,,,,23-03-2022,23:30,1304.0,21 mins,green
19,1977,Station 29,"Blanchardstown, Dublin 15",53.38539,-6.369211,EPA-29,EPA-29,0000-00-00,25,333372000.0,"{'monitor_type_id': 25, 'name': 'Multiple', 'manufacturer': 'Multiple', 'category': 'air', 'sample_code': '', 'sample_serial_number': ''}","{'air_reading_id': 333372000, 'monitor_id': 1977, 'project_id': 2399, 'recorded_at': '2022-03-23 23:00:00', 'pm10': 76.8617, 'pm2_5': 33.2916, 'no2': 17.8564, 'o3': None, 'so2': None, 'co': None, 'date': '23-03-2022', 'time': '23:00', 'secs_since': 3104, 'time_since': '51 mins', 'status': 'green'}","{'pm10': {'start': '2022-03-22 23:01:00', 'end': '2022-03-23 23:00:00', 'value': 44.64, 'num_readings': 96, 'percentage_capture': 100, 'rating': 3}, 'pm2_5': {'start': '2022-03-22 23:01:00', 'end': '2022-03-23 23:00:00', 'value': 19.03, 'num_readings': 96, 'percentage_capture': 100, 'rating': 2}, 'no2': {'start': '2022-03-23 22:01:00', 'end': '2022-03-23 23:00:00', 'value': 17.91, 'num_readings': 4, 'percentage_capture': 100, 'rating': 1}}",66534,3,333372000.0,2399.0,2022-03-23 23:00:00,76.8617,33.2916,17.8564,,,,23-03-2022,23:00,3104.0,51 mins,green
20,3819,TNO4437,"Cabra Community College, Dublin 7",53.3687022,-6.2943216,TNO4437-EPA,TNO4437-EPA,0000-00-00,19,333378083.0,"{'monitor_type_id': 19, 'name': 'Osiris', 'manufacturer': 'Turnkey', 'category': 'air', 'sample_code': 'TNO1234', 'sample_serial_number': 'TNO1234'}","{'air_reading_id': 333378083, 'monitor_id': 3819, 'project_id': 2497, 'recorded_at': '2022-03-23 23:30:00', 'pm10': 22.3, 'pm2_5': 11.85, 'no2': None, 'o3': None, 'so2': None, 'co': None, 'date': '23-03-2022', 'time': '23:30', 'secs_since': 1304, 'time_since': '21 mins', 'status': 'green'}","{'pm10': {'start': '2022-03-22 23:01:00', 'end': '2022-03-23 23:00:00', 'value': 18.34, 'num_readings': 96, 'percentage_capture': 100, 'rating': 2}, 'pm2_5': {'start': '2022-03-22 23:01:00', 'end': '2022-03-23 23:00:00', 'value': 9.01, 'num_readings': 96, 'percentage_capture': 100, 'rating': 1}}",3935,2,333378083.0,2497.0,2022-03-23 23:30:00,22.3,11.85,,,,,23-03-2022,23:30,1304.0,21 mins,green
21,1981,Station 33,"Clonskeagh, Dublin 14",53.311783,-6.235325,EPA-33,EPA-33,0000-00-00,25,333372005.0,"{'monitor_type_id': 25, 'name': 'Multiple', 'manufacturer': 'Multiple', 'category': 'air', 'sample_code': '', 'sample_serial_number': ''}","{'air_reading_id': 333372005, 'monitor_id': 1981, 'project_id': 2399, 'recorded_at': '2022-03-23 23:00:00', 'pm10': None, 'pm2_5': None, 'no2': None, 'o3': 26.1686, 'so2': None, 'co': None, 'date': '23-03-2022', 'time': '23:00', 'secs_since': 3104, 'time_since': '51 mins', 'status': 'green'}","{'o3': {'start': '2022-03-23 15:01:00', 'end': '2022-03-23 23:00:00', 'value': 71.67, 'num_readings': 8, 'percentage_capture': 25, 'rating': 0}}",49610,3,333372005.0,2399.0,2022-03-23 23:00:00,,,,26.1686,,,23-03-2022,23:00,3104.0,51 mins,green
22,2134,TNO2162,"Coolock, Dublin 5",53.390542,-6.202395,TNO2162-EPA,TNO2162-EPA,0000-00-00,19,333379506.0,"{'monitor_type_id': 19, 'name': 'Osiris', 'manufacturer': 'Turnkey', 'category': 'air', 'sample_code': 'TNO1234', 'sample_serial_number': 'TNO1234'}","{'air_reading_id': 333379506, 'monitor_id': 2134, 'project_id': 2497, 'recorded_at': '2022-03-23 23:45:00', 'pm10': 0, 'pm2_5': 0, 'no2': None, 'o3': None, 'so2': None, 'co': None, 'date': '23-03-2022', 'time': '23:45', 'secs_since': 404, 'time_since': '6 mins', 'status': 'green'}","{'pm10': {'start': '2022-03-22 23:01:00', 'end': '2022-03-23 23:00:00', 'value': 6.82, 'num_readings': 186, 'percentage_capture': 193, 'rating': 1}, 'pm2_5': {'start': '2022-03-22 23:01:00', 'end': '2022-03-23 23:00:00', 'value': 4.74, 'num_readings': 186, 'percentage_capture': 193, 'rating': 1}}",56890,1,333379506.0,2497.0,2022-03-23 23:45:00,0.0,0.0,,,,,23-03-2022,23:45,404.0,6 mins,green
23,2133,TNO2161,"Custom House Quay, Dublin 1",53.347863,-6.243785,TNO2161-EPA,TNO2161-EPA,0000-00-00,19,333379493.0,"{'monitor_type_id': 19, 'name': 'Osiris', 'manufacturer': 'Turnkey', 'category': 'air', 'sample_code': 'TNO1234', 'sample_serial_number': 'TNO1234'}","{'air_reading_id': 333379493, 'monitor_id': 2133, 'project_id': 2497, 'recorded_at': '2022-03-23 23:45:00', 'pm10': 3.8, 'pm2_5': 3.41, 'no2': None, 'o3': None, 'so2': None, 'co': None, 'date': '23-03-2022', 'time': '23:45', 'secs_since': 404, 'time_since': '6 mins', 'status': 'green'}","{'pm10': {'start': '2022-03-22 23:01:00', 'end': '2022-03-23 23:00:00', 'value': 2.2800000000000002, 'num_readings': 96, 'percentage_capture': 100, 'rating': 1}, 'pm2_5': {'start': '2022-03-22 23:01:00', 'end': '2022-03-23 23:00:00', 'value': 1.7000000000000002, 'num_readings': 96, 'percentage_capture': 100, 'rating': 1}}",57397,1,333379493.0,2497.0,2022-03-23 23:45:00,3.8,3.41,,,,,23-03-2022,23:45,404.0,6 mins,green
24,1991,Station 49,"Davitt Road, Inchicore, Dublin 12",53.336258,-6.309002,EPA-49,EPA-49,0000-00-00,25,333372037.0,"{'monitor_type_id': 25, 'name': 'Multiple', 'manufacturer': 'Multiple', 'category': 'air', 'sample_code': '', 'sample_serial_number': ''}","{'air_reading_id': 333372037, 'monitor_id': 1991, 'project_id': 2399, 'recorded_at': '2022-03-23 22:30:00', 'pm10': 44.8125, 'pm2_5': 32.3697, 'no2': 79.8554, 'o3': None, 'so2': None, 'co': None, 'date': '23-03-2022', 'time': '22:30', 'secs_since': 4904, 'time_since': '1 hour', 'status': 'green'}","{'pm10': {'start': '2022-03-22 22:01:00', 'end': '2022-03-23 22:00:00', 'value': 29.85, 'num_readings': 96, 'percentage_capture': 100, 'rating': 2}, 'pm2_5': {'start': '2022-03-22 22:01:00', 'end': '2022-03-23 22:00:00', 'value': 19.37, 'num_readings': 96, 'percentage_capture': 100, 'rating': 2}, 'no2': {'start': '2022-03-23 21:01:00', 'end': '2022-03-23 22:00:00', 'value': 92.64, 'num_readings': 4, 'percentage_capture': 100, 'rating': 2}}",66622,2,333372037.0,2399.0,2022-03-23 22:30:00,44.8125,32.3697,79.8554,,,,23-03-2022,22:30,4904.0,1 hour,green
25,2090,TNO4158,"Deansgrange, Co. Dublin",53.286763,-6.173349,TNO4158,TNO4158,0000-00-00,19,333380429.0,"{'monitor_type_id': 19, 'name': 'Osiris', 'manufacturer': 'Turnkey', 'category': 'air', 'sample_code': 'TNO1234', 'sample_serial_number': 'TNO1234'}","{'air_reading_id': 333380429, 'monitor_id': 2090, 'project_id': 2497, 'recorded_at': '2022-03-23 23:45:00', 'pm10': 11.4, 'pm2_5': 8.99, 'no2': None, 'o3': None, 'so2': None, 'co': None, 'date': '23-03-2022', 'time': '23:45', 'secs_since': 404, 'time_since': '6 mins', 'status': 'green'}","{'pm10': {'start': '2022-03-22 23:01:00', 'end': '2022-03-23 23:00:00', 'value': 10.45, 'num_readings': 90, 'percentage_capture': 93, 'rating': 1}, 'pm2_5': {'start': '2022-03-22 23:01:00', 'end': '2022-03-23 23:00:00', 'value': 8.32, 'num_readings': 90, 'percentage_capture': 93, 'rating': 1}}",52631,1,333380429.0,2497.0,2022-03-23 23:45:00,11.4,8.99,,,,,23-03-2022,23:45,404.0,6 mins,green
26,3769,TNO4436,"Donnybrook, Dublin 4",53.322562,-6.237014,TNO4436-EPA,TNO4436-EPA,0000-00-00,19,333379138.0,"{'monitor_type_id': 19, 'name': 'Osiris', 'manufacturer': 'Turnkey', 'category': 'air', 'sample_code': 'TNO1234', 'sample_serial_number': 'TNO1234'}","{'air_reading_id': 333379138, 'monitor_id': 3769, 'project_id': 2497, 'recorded_at': '2022-03-23 23:45:00', 'pm10': 19, 'pm2_5': 11.38, 'no2': None, 'o3': None, 'so2': None, 'co': None, 'date': '23-03-2022', 'time': '23:45', 'secs_since': 404, 'time_since': '6 mins', 'status': 'green'}","{'pm10': {'start': '2022-03-22 23:01:00', 'end': '2022-03-23 23:00:00', 'value': 16.6, 'num_readings': 96, 'percentage_capture': 100, 'rating': 2}, 'pm2_5': {'start': '2022-03-22 23:01:00', 'end': '2022-03-23 23:00:00', 'value': 9.09, 'num_readings': 96, 'percentage_capture': 100, 'rating': 1}}",10276,2,333379138.0,2497.0,2022-03-23 23:45:00,19.0,11.38,,,,,23-03-2022,23:45,404.0,6 mins,green
27,3743,TNO4325,"Drumcondra Library, Dublin 9",53.369894,-6.259124,TNO4325-EPA,TNO4325-EPA,0000-00-00,19,333379098.0,"{'monitor_type_id': 19, 'name': 'Osiris', 'manufacturer': 'Turnkey', 'category': 'air', 'sample_code': 'TNO1234', 'sample_serial_number': 'TNO1234'}","{'air_reading_id': 333379098, 'monitor_id': 3743, 'project_id': 2497, 'recorded_at': '2022-03-23 23:45:00', 'pm10': 17.6, 'pm2_5': 11.8, 'no2': None, 'o3': None, 'so2': None, 'co': None, 'date': '23-03-2022', 'time': '23:45', 'secs_since': 405, 'time_since': '6 mins', 'status': 'green'}","{'pm10': {'start': '2022-03-22 23:01:00', 'end': '2022-03-23 23:00:00', 'value': 16.42, 'num_readings': 100, 'percentage_capture': 104, 'rating': 1}, 'pm2_5': {'start': '2022-03-22 23:01:00', 'end': '2022-03-23 23:00:00', 'value': 9.82, 'num_readings': 100, 'percentage_capture': 104, 'rating': 1}}",45550,1,333379098.0,2497.0,2022-03-23 23:45:00,17.6,11.8,,,,,23-03-2022,23:45,405.0,6 mins,green
28,1997,Station 55,"Dublin Airport, Swords, Co. Dublin",53.426139,-6.239127,EPA-55,EPA-55,0000-00-00,25,333372062.0,"{'monitor_type_id': 25, 'name': 'Multiple', 'manufacturer': 'Multiple', 'category': 'air', 'sample_code': '', 'sample_serial_number': ''}","{'air_reading_id': 333372062, 'monitor_id': 1997, 'project_id': 2399, 'recorded_at': '2022-03-23 22:00:00', 'pm10': 52.3545, 'pm2_5': 33.532, 'no2': 96.3369, 'o3': 1.6542, 'so2': 3.1872, 'co': 0.3493, 'date': '23-03-2022', 'time': '22:00', 'secs_since': 6705, 'time_since': '1 hour', 'status': 'green'}","{'pm10': {'start': '2022-03-22 22:01:00', 'end': '2022-03-23 22:00:00', 'value': 43.03, 'num_readings': 96, 'percentage_capture': 100, 'rating': 3}, 'pm2_5': {'start': '2022-03-22 22:01:00', 'end': '2022-03-23 22:00:00', 'value': 22.7, 'num_readings': 96, 'percentage_capture': 100, 'rating': 2}, 'o3': {'start': '2022-03-23 14:01:00', 'end': '2022-03-23 22:00:00', 'value': 19.39, 'num_readings': 32, 'percentage_capture': 100, 'rating': 1}, 'no2': {'start': '2022-03-23 21:01:00', 'end': '2022-03-23 22:00:00', 'value': 94.9, 'num_readings': 4, 'percentage_capture': 100, 'rating': 2}, 'so2': {'start': '2022-03-23 21:01:00', 'end': '2022-03-23 22:00:00', 'value': 3.2, 'num_readings': 4, 'percentage_capture': 100, 'rating': 1}, 'co': {'start': '2022-03-23 21:01:00', 'end': '2022-03-23 22:00:00', 'value': 0.31, 'num_readings': 4, 'percentage_capture': 100, 'rating': None}}",60623,3,333372062.0,2399.0,2022-03-23 22:00:00,52.3545,33.532,96.3369,1.6542,3.1872,0.3493,23-03-2022,22:00,6705.0,1 hour,green
29,2018,Station 76,"Dublin Port, Dublin 1",53.351627,-6.203812,EPA-76,EPA-76,0000-00-00,25,333379213.0,"{'monitor_type_id': 25, 'name': 'Multiple', 'manufacturer': 'Multiple', 'category': 'air', 'sample_code': '', 'sample_serial_number': ''}","{'air_reading_id': 333379213, 'monitor_id': 2018, 'project_id': 2399, 'recorded_at': '2022-03-23 23:30:00', 'pm10': 77.8971, 'pm2_5': 38.1833, 'no2': 63.5099, 'o3': None, 'so2': 0.6741, 'co': None, 'date': '23-03-2022', 'time': '23:30', 'secs_since': 1305, 'time_since': '21 mins', 'status': 'green'}","{'pm10': {'start': '2022-03-22 23:01:00', 'end': '2022-03-23 23:00:00', 'value': 43.83, 'num_readings': 96, 'percentage_capture': 100, 'rating': 3}, 'pm2_5': {'start': '2022-03-22 23:01:00', 'end': '2022-03-23 23:00:00', 'value': 22.3, 'num_readings': 96, 'percentage_capture': 100, 'rating': 2}, 'no2': {'start': '2022-03-23 22:01:00', 'end': '2022-03-23 23:00:00', 'value': 46.85, 'num_readings': 4, 'percentage_capture': 100, 'rating': 1}, 'so2': {'start': '2022-03-23 22:01:00', 'end': '2022-03-23 23:00:00', 'value': 0.79, 'num_readings': 4, 'percentage_capture': 100, 'rating': 1}}",64030,3,333379213.0,2399.0,2022-03-23 23:30:00,77.8971,38.1833,63.5099,,0.6741,,23-03-2022,23:30,1305.0,21 mins,green
30,1982,Station 34,"Dún Laoghaire, Co. Dublin",53.285994,-6.132003,EPA-34,EPA-34,0000-00-00,25,333372009.0,"{'monitor_type_id': 25, 'name': 'Multiple', 'manufacturer': 'Multiple', 'category': 'air', 'sample_code': '', 'sample_serial_number': ''}","{'air_reading_id': 333372009, 'monitor_id': 1982, 'project_id': 2399, 'recorded_at': '2022-03-23 23:00:00', 'pm10': 40.8701, 'pm2_5': 34.8013, 'no2': 55.3053, 'o3': None, 'so2': None, 'co': None, 'date': '23-03-2022', 'time': '23:00', 'secs_since': 3105, 'time_since': '51 mins', 'status': 'green'}","{'pm10': {'start': '2022-03-22 23:01:00', 'end': '2022-03-23 23:00:00', 'value': 25.95, 'num_readings': 96, 'percentage_capture': 100, 'rating': 2}, 'pm2_5': {'start': '2022-03-22 23:01:00', 'end': '2022-03-23 23:00:00', 'value': 19.35, 'num_readings': 96, 'percentage_capture': 100, 'rating': 2}, 'no2': {'start': '2022-03-23 22:01:00', 'end': '2022-03-23 23:00:00', 'value': 50.41, 'num_readings': 4, 'percentage_capture': 100, 'rating': 1}}",66581,1,333372009.0,2399.0,2022-03-23 23:00:00,40.8701,34.8013,55.3053,,,,23-03-2022,23:00,3105.0,51 mins,green
31,1988,Station 46,"Finglas, Dublin 11",53.390252,-6.305162,EPA-46,EPA-46,0000-00-00,23,333372025.0,"{'monitor_type_id': 23, 'name': 'Fidas 200', 'manufacturer': 'Palas', 'category': 'air', 'sample_code': '', 'sample_serial_number': ''}","{'air_reading_id': 333372025, 'monitor_id': 1988, 'project_id': 2399, 'recorded_at': '2022-03-23 23:00:00', 'pm10': 62.72, 'pm2_5': 51.31, 'no2': None, 'o3': None, 'so2': None, 'co': None, 'date': '23-03-2022', 'time': '23:00', 'secs_since': 3105, 'time_since': '51 mins', 'status': 'green'}","{'pm10': {'start': '2022-03-22 23:01:00', 'end': '2022-03-23 23:00:00', 'value': 31.27, 'num_readings': 96, 'percentage_capture': 100, 'rating': 2}, 'pm2_5': {'start': '2022-03-22 23:01:00', 'end': '2022-03-23 23:00:00', 'value': 21.01, 'num_readings': 96, 'percentage_capture': 100, 'rating': 2}}",66512,2,333372025.0,2399.0,2022-03-23 23:00:00,62.72,51.31,,,,,23-03-2022,23:00,3105.0,51 mins,green
32,3578,TNO4324,"Lord Edward Street, Dublin 2",53.343628,-6.270197,TNO4324-EPA,TNO4324-EPA,0000-00-00,19,333379130.0,"{'monitor_type_id': 19, 'name': 'Osiris', 'manufacturer': 'Turnkey', 'category': 'air', 'sample_code': 'TNO1234', 'sample_serial_number': 'TNO1234'}","{'air_reading_id': 333379130, 'monitor_id': 3578, 'project_id': 2497, 'recorded_at': '2022-03-23 23:45:00', 'pm10': 39.5, 'pm2_5': 14.36, 'no2': None, 'o3': None, 'so2': None, 'co': None, 'date': '23-03-2022', 'time': '23:45', 'secs_since': 405, 'time_since': '6 mins', 'status': 'green'}","{'pm10': {'start': '2022-03-22 23:01:00', 'end': '2022-03-23 23:00:00', 'value': 26.88, 'num_readings': 96, 'percentage_capture': 100, 'rating': 2}, 'pm2_5': {'start': '2022-03-22 23:01:00', 'end': '2022-03-23 23:00:00', 'value': 10.21, 'num_readings': 96, 'percentage_capture': 100, 'rating': 1}}",79901,2,333379130.0,2497.0,2022-03-23 23:45:00,39.5,14.36,,,,,23-03-2022,23:45,405.0,6 mins,green
33,1989,Station 47,"Marino, Dublin 3",53.368098,-6.22794,EPA-47,EPA-47,0000-00-00,23,333372029.0,"{'monitor_type_id': 23, 'name': 'Fidas 200', 'manufacturer': 'Palas', 'category': 'air', 'sample_code': '', 'sample_serial_number': ''}","{'air_reading_id': 333372029, 'monitor_id': 1989, 'project_id': 2399, 'recorded_at': '2022-03-23 23:00:00', 'pm10': 61.51, 'pm2_5': 33.01, 'no2': None, 'o3': None, 'so2': None, 'co': None, 'date': '23-03-2022', 'time': '23:00', 'secs_since': 3105, 'time_since': '51 mins', 'status': 'green'}","{'pm10': {'start': '2022-03-22 23:01:00', 'end': '2022-03-23 23:00:00', 'value': 38.76, 'num_readings': 96, 'percentage_capture': 100, 'rating': 3}, 'pm2_5': {'start': '2022-03-22 23:01:00', 'end': '2022-03-23 23:00:00', 'value': 21.44, 'num_readings': 96, 'percentage_capture': 100, 'rating': 2}}",66313,3,333372029.0,2399.0,2022-03-23 23:00:00,61.51,33.01,,,,,23-03-2022,23:00,3105.0,51 mins,green
34,2011,Station 69,"Pearse Street, Dublin 2",53.345053,-6.254344,EPA-69,EPA-69,0000-00-00,25,333313750.0,"{'monitor_type_id': 25, 'name': 'Multiple', 'manufacturer': 'Multiple', 'category': 'air', 'sample_code': '', 'sample_serial_number': ''}","{'air_reading_id': 333313750, 'monitor_id': 2011, 'project_id': 2399, 'recorded_at': '2022-03-23 18:00:00', 'pm10': 67.327, 'pm2_5': 20.5801, 'no2': 95.88, 'o3': 10.3488, 'so2': None, 'co': None, 'date': '23-03-2022', 'time': '18:00', 'secs_since': 21105, 'time_since': '5 hours', 'status': 'green'}","{'pm10': {'start': '2022-03-22 18:01:00', 'end': '2022-03-23 18:00:00', 'value': 44.19, 'num_readings': 96, 'percentage_capture': 100, 'rating': 3}, 'pm2_5': {'start': '2022-03-22 18:01:00', 'end': '2022-03-23 18:00:00', 'value': 19.57, 'num_readings': 96, 'percentage_capture': 100, 'rating': 2}, 'o3': {'start': '2022-03-23 10:01:00', 'end': '2022-03-23 18:00:00', 'value': 42.77, 'num_readings': 32, 'percentage_capture': 100, 'rating': 2}, 'no2': {'start': '2022-03-23 17:01:00', 'end': '2022-03-23 18:00:00', 'value': 93.2, 'num_readings': 4, 'percentage_capture': 100, 'rating': 2}}",65080,3,333313750.0,2399.0,2022-03-23 18:00:00,67.327,20.5801,95.88,10.3488,,,23-03-2022,18:00,21105.0,5 hours,green
35,1990,Station 48,"Phoenix Park, Dublin 8",53.364641,-6.348076,EPA-48,EPA-48,0000-00-00,23,333372033.0,"{'monitor_type_id': 23, 'name': 'Fidas 200', 'manufacturer': 'Palas', 'category': 'air', 'sample_code': '', 'sample_serial_number': ''}","{'air_reading_id': 333372033, 'monitor_id': 1990, 'project_id': 2399, 'recorded_at': '2022-03-23 23:00:00', 'pm10': 27.37, 'pm2_5': 21.58, 'no2': None, 'o3': None, 'so2': None, 'co': None, 'date': '23-03-2022', 'time': '23:00', 'secs_since': 3105, 'time_since': '51 mins', 'status': 'green'}","{'pm10': {'start': '2022-03-22 23:01:00', 'end': '2022-03-23 23:00:00', 'value': 21.59, 'num_readings': 96, 'percentage_capture': 100, 'rating': 2}, 'pm2_5': {'start': '2022-03-22 23:01:00', 'end': '2022-03-23 23:00:00', 'value': 14.3, 'num_readings': 96, 'percentage_capture': 100, 'rating': 2}}",56825,2,333372033.0,2399.0,2022-03-23 23:00:00,27.37,21.58,,,,,23-03-2022,23:00,3105.0,51 mins,green
36,1968,Station 17,"Ringsend, Dublin 4",53.341787,-6.226506,EPA-17,EPA-17,0000-00-00,25,333306504.0,"{'monitor_type_id': 25, 'name': 'Multiple', 'manufacturer': 'Multiple', 'category': 'air', 'sample_code': '', 'sample_serial_number': ''}","{'air_reading_id': 333306504, 'monitor_id': 1968, 'project_id': 2399, 'recorded_at': '2022-03-23 18:30:00', 'pm10': 42.6276, 'pm2_5': 24.7437, 'no2': 40.0775, 'o3': None, 'so2': 5.0941, 'co': None, 'date': '23-03-2022', 'time': '18:30', 'secs_since': 19305, 'time_since': '5 hours', 'status': 'green'}","{'pm10': {'start': '2022-03-22 18:01:00', 'end': '2022-03-23 18:00:00', 'value': 61.56, 'num_readings': 96, 'percentage_capture': 100, 'rating': 5}, 'pm2_5': {'start': '2022-03-22 18:01:00', 'end': '2022-03-23 18:00:00', 'value': 24.55, 'num_readings': 96, 'percentage_capture': 100, 'rating': 3}, 'no2': {'start': '2022-03-23 17:01:00', 'end': '2022-03-23 18:00:00', 'value': 34.42, 'num_readings': 4, 'percentage_capture': 100, 'rating': 1}, 'so2': {'start': '2022-03-23 17:01:00', 'end': '2022-03-23 18:00:00', 'value': 5.32, 'num_readings': 4, 'percentage_capture': 100, 'rating': 1}}",66315,3,333306504.0,2399.0,2022-03-23 18:30:00,42.6276,24.7437,40.0775,,5.0941,,23-03-2022,18:30,19305.0,5 hours,green
37,1970,Station 22,"Rathmines, Dublin 6",53.322029,-6.267154,EPA-22,EPA-22,0000-00-00,25,333306508.0,"{'monitor_type_id': 25, 'name': 'Multiple', 'manufacturer': 'Multiple', 'category': 'air', 'sample_code': '', 'sample_serial_number': ''}","{'air_reading_id': 333306508, 'monitor_id': 1970, 'project_id': 2399, 'recorded_at': '2022-03-23 18:30:00', 'pm10': 24.6047, 'pm2_5': 15.6291, 'no2': 38.7749, 'o3': 61.4033, 'so2': 2.5545, 'co': None, 'date': '23-03-2022', 'time': '18:30', 'secs_since': 19305, 'time_since': '5 hours', 'status': 'green'}","{'pm10': {'start': '2022-03-22 18:01:00', 'end': '2022-03-23 18:00:00', 'value': 22.62, 'num_readings': 96, 'percentage_capture': 100, 'rating': 2}, 'pm2_5': {'start': '2022-03-22 18:01:00', 'end': '2022-03-23 18:00:00', 'value': 15.85, 'num_readings': 96, 'percentage_capture': 100, 'rating': 2}, 'o3': {'start': '2022-03-23 10:01:00', 'end': '2022-03-23 18:00:00', 'value': 75.88, 'num_readings': 32, 'percentage_capture': 100, 'rating': 3}, 'no2': {'start': '2022-03-23 17:01:00', 'end': '2022-03-23 18:00:00', 'value': 20.75, 'num_readings': 4, 'percentage_capture': 100, 'rating': 1}, 'so2': {'start': '2022-03-23 17:01:00', 'end': '2022-03-23 18:00:00', 'value': 2.1, 'num_readings': 4, 'percentage_capture': 100, 'rating': 1}}",65638,3,333306508.0,2399.0,2022-03-23 18:30:00,24.6047,15.6291,38.7749,61.4033,2.5545,,23-03-2022,18:30,19305.0,5 hours,green
38,2534,TNO4488,"Sandymount Green, Dublin 4",53.33192,-6.215766,TNO4488-EPA,TNO4488-EPA,0000-00-00,19,333354425.0,"{'monitor_type_id': 19, 'name': 'Osiris', 'manufacturer': 'Turnkey', 'category': 'air', 'sample_code': 'TNO1234', 'sample_serial_number': 'TNO1234'}","{'air_reading_id': 333354425, 'monitor_id': 2534, 'project_id': 2497, 'recorded_at': '2022-03-23 22:00:00', 'pm10': 0, 'pm2_5': 0, 'no2': None, 'o3': None, 'so2': None, 'co': None, 'date': '23-03-2022', 'time': '22:00', 'secs_since': 6705, 'time_since': '1 hour', 'status': 'green'}","{'pm10': {'start': '2022-03-22 22:01:00', 'end': '2022-03-23 22:00:00', 'value': None, 'num_readings': 96, 'percentage_capture': 100}, 'pm2_5': {'start': '2022-03-22 22:01:00', 'end': '2022-03-23 22:00:00', 'value': None, 'num_readings': 96, 'percentage_capture': 100}}",24344,0,333354425.0,2497.0,2022-03-23 22:00:00,0.0,0.0,,,,,23-03-2022,22:00,6705.0,1 hour,green
39,1994,Station 52,"St. Anne's Park, Dublin 5",53.372904,-6.17939,EPA-52,EPA-52,0000-00-00,23,333342875.0,"{'monitor_type_id': 23, 'name': 'Fidas 200', 'manufacturer': 'Palas', 'category': 'air', 'sample_code': '', 'sample_serial_number': ''}","{'air_reading_id': 333342875, 'monitor_id': 1994, 'project_id': 2399, 'recorded_at': '2022-03-23 21:15:00', 'pm10': 30.78, 'pm2_5': 23.28, 'no2': None, 'o3': None, 'so2': None, 'co': None, 'date': '23-03-2022', 'time': '21:15', 'secs_since': 9405, 'time_since': '2 hours', 'status': 'green'}","{'pm10': {'start': '2022-03-22 21:01:00', 'end': '2022-03-23 21:00:00', 'value': 28.04, 'num_readings': 96, 'percentage_capture': 100, 'rating': 2}, 'pm2_5': {'start': '2022-03-22 21:01:00', 'end': '2022-03-23 21:00:00', 'value': 20.26, 'num_readings': 96, 'percentage_capture': 100, 'rating': 2}}",66566,2,333342875.0,2399.0,2022-03-23 21:15:00,30.78,23.28,,,,,23-03-2022,21:15,9405.0,2 hours,green
40,1999,Station 57,"St. John’s Road, Kilmainham, Dublin 8",53.345806,-6.294603,EPA-57,EPA-57,0000-00-00,25,333372066.0,"{'monitor_type_id': 25, 'name': 'Multiple', 'manufacturer': 'Multiple', 'category': 'air', 'sample_code': '', 'sample_serial_number': ''}","{'air_reading_id': 333372066, 'monitor_id': 1999, 'project_id': 2399, 'recorded_at': '2022-03-23 23:00:00', 'pm10': 50.522, 'pm2_5': 32.1997, 'no2': 88.6189, 'o3': None, 'so2': None, 'co': None, 'date': '23-03-2022', 'time': '23:00', 'secs_since': 3105, 'time_since': '51 mins', 'status': 'green'}","{'pm10': {'start': '2022-03-22 23:01:00', 'end': '2022-03-23 23:00:00', 'value': 32.79, 'num_readings': 96, 'percentage_capture': 100, 'rating': 2}, 'pm2_5': {'start': '2022-03-22 23:01:00', 'end': '2022-03-23 23:00:00', 'value': 19.22, 'num_readings': 96, 'percentage_capture': 100, 'rating': 2}, 'no2': {'start': '2022-03-23 22:01:00', 'end': '2022-03-23 23:00:00', 'value': 90.33, 'num_readings': 4, 'percentage_capture': 100, 'rating': 2}}",66575,2,333372066.0,2399.0,2022-03-23 23:00:00,50.522,32.1997,88.6189,,,,23-03-2022,23:00,3105.0,51 mins,green
41,2003,Station 61,"Swords Council Depot, Co. Dublin",53.463067,-6.222234,EPA-61,EPA-61,0000-00-00,25,333379207.0,"{'monitor_type_id': 25, 'name': 'Multiple', 'manufacturer': 'Multiple', 'category': 'air', 'sample_code': '', 'sample_serial_number': ''}","{'air_reading_id': 333379207, 'monitor_id': 2003, 'project_id': 2399, 'recorded_at': '2022-03-23 23:15:00', 'pm10': None, 'pm2_5': None, 'no2': 49.606, 'o3': 0.7207, 'so2': None, 'co': None, 'date': '23-03-2022', 'time': '23:15', 'secs_since': 2205, 'time_since': '36 mins', 'status': 'green'}","{'o3': {'start': '2022-03-23 15:01:00', 'end': '2022-03-23 23:00:00', 'value': 48.66, 'num_readings': 32, 'percentage_capture': 100, 'rating': 2}, 'no2': {'start': '2022-03-23 22:01:00', 'end': '2022-03-23 23:00:00', 'value': 64.37, 'num_readings': 4, 'percentage_capture': 100, 'rating': 1}}",65440,1,333379207.0,2399.0,2022-03-23 23:15:00,,,49.606,0.7207,,,23-03-2022,23:15,2205.0,36 mins,green
42,1986,Station 44,"Tallaght, Dublin 24",53.280699,-6.358851,EPA-44,EPA-44,0000-00-00,25,333372017.0,"{'monitor_type_id': 25, 'name': 'Multiple', 'manufacturer': 'Multiple', 'category': 'air', 'sample_code': '', 'sample_serial_number': ''}","{'air_reading_id': 333372017, 'monitor_id': 1986, 'project_id': 2399, 'recorded_at': '2022-03-23 23:00:00', 'pm10': 28.1565, 'pm2_5': 19.3567, 'no2': 35.292, 'o3': None, 'so2': None, 'co': None, 'date': '23-03-2022', 'time': '23:00', 'secs_since': 3105, 'time_since': '51 mins', 'status': 'green'}","{'pm10': {'start': '2022-03-22 23:01:00', 'end': '2022-03-23 23:00:00', 'value': 20.66, 'num_readings': 96, 'percentage_capture': 100, 'rating': 2}, 'pm2_5': {'start': '2022-03-22 23:01:00', 'end': '2022-03-23 23:00:00', 'value': 13.13, 'num_readings': 96, 'percentage_capture': 100, 'rating': 2}, 'no2': {'start': '2022-03-23 22:01:00', 'end': '2022-03-23 23:00:00', 'value': 35.96, 'num_readings': 4, 'percentage_capture': 100, 'rating': 1}}",65292,2,333372017.0,2399.0,2022-03-23 23:00:00,28.1565,19.3567,35.292,,,,23-03-2022,23:00,3105.0,51 mins,green
43,3192,TNO4390,"TU Dublin, Dublin 7",53.357689,-6.287134,TNO4390-EPA,TNO4390-EPA,0000-00-00,19,333379104.0,"{'monitor_type_id': 19, 'name': 'Osiris', 'manufacturer': 'Turnkey', 'category': 'air', 'sample_code': 'TNO1234', 'sample_serial_number': 'TNO1234'}","{'air_reading_id': 333379104, 'monitor_id': 3192, 'project_id': 2497, 'recorded_at': '2022-03-23 23:45:00', 'pm10': 24.3, 'pm2_5': 13.93, 'no2': None, 'o3': None, 'so2': None, 'co': None, 'date': '23-03-2022', 'time': '23:45', 'secs_since': 405, 'time_since': '6 mins', 'status': 'green'}","{'pm10': {'start': '2022-03-22 23:01:00', 'end': '2022-03-23 23:00:00', 'value': 16.86, 'num_readings': 95, 'percentage_capture': 98, 'rating': 2}, 'pm2_5': {'start': '2022-03-22 23:01:00', 'end': '2022-03-23 23:00:00', 'value': 9.28, 'num_readings': 95, 'percentage_capture': 98, 'rating': 1}}",21147,2,333379104.0,2497.0,2022-03-23 23:45:00,24.3,13.93,,,,,23-03-2022,23:45,405.0,6 mins,green
44,2135,TNT1088,"Walkinstown Library, Dublin 12",53.318902,-6.32176,TNT1088-EPA,TNT1088-EPA,0000-00-00,27,333360457.0,"{'monitor_type_id': 27, 'name': 'Topas', 'manufacturer': 'Turnkey', 'category': 'air', 'sample_code': 'TNT1234', 'sample_serial_number': 'TNT1234'}","{'air_reading_id': 333360457, 'monitor_id': 2135, 'project_id': 2497, 'recorded_at': '2022-03-23 22:15:00', 'pm10': 8.6, 'pm2_5': 5.83, 'no2': None, 'o3': None, 'so2': None, 'co': None, 'date': '23-03-2022', 'time': '22:15', 'secs_since': 5805, 'time_since': '1 hour', 'status': 'green'}","{'pm10': {'start': '2022-03-22 22:01:00', 'end': '2022-03-23 22:00:00', 'value': 7.2, 'num_readings': 91, 'percentage_capture': 94, 'rating': 1}, 'pm2_5': {'start': '2022-03-22 22:01:00', 'end': '2022-03-23 22:00:00', 'value': 3.51, 'num_readings': 91, 'percentage_capture': 94, 'rating': 1}}",261819,1,333360457.0,2497.0,2022-03-23 22:15:00,8.6,5.83,,,,,23-03-2022,22:15,5805.0,1 hour,green
45,2492,TNO4438,"Weaver Park, Dublin 8",53.338252,-6.280805,TNO4438-EPA,TNO4438-EPA,0000-00-00,19,333373414.0,"{'monitor_type_id': 19, 'name': 'Osiris', 'manufacturer': 'Turnkey', 'category': 'air', 'sample_code': 'TNO1234', 'sample_serial_number': 'TNO1234'}","{'air_reading_id': 333373414, 'monitor_id': 2492, 'project_id': 2497, 'recorded_at': '2022-03-23 23:05:12', 'pm10': 34.8, 'pm2_5': 17.42, 'no2': None, 'o3': None, 'so2': None, 'co': None, 'date': '23-03-2022', 'time': '23:05', 'secs_since': 2793, 'time_since': '46 mins', 'status': 'green'}","{'pm10': {'start': '2022-03-22 23:01:00', 'end': '2022-03-23 23:00:00', 'value': 22.57, 'num_readings': 96, 'percentage_capture': 100, 'rating': 2}, 'pm2_5': {'start': '2022-03-22 23:01:00', 'end': '2022-03-23 23:00:00', 'value': 10.73, 'num_readings': 96, 'percentage_capture': 100, 'rating': 1}}",36829,2,333373414.0,2497.0,2022-03-23 23:05:12,34.8,17.42,,,,,23-03-2022,23:05,2793.0,46 mins,green
46,1964,Station 11,"Winetavern Street, Dublin 8",53.344201,-6.271563,EPA-11,EPA-11,0000-00-00,25,333357596.0,"{'monitor_type_id': 25, 'name': 'Multiple', 'manufacturer': 'Multiple', 'category': 'air', 'sample_code': '', 'sample_serial_number': ''}","{'air_reading_id': 333357596, 'monitor_id': 1964, 'project_id': 2399, 'recorded_at': '2022-03-23 22:00:00', 'pm10': None, 'pm2_5': None, 'no2': 96.1669, 'o3': None, 'so2': 2.4392, 'co': 0.3493, 'date': '23-03-2022', 'time': '22:00', 'secs_since': 6705, 'time_since': '1 hour', 'status': 'green'}","{'no2': {'start': '2022-03-23 21:01:00', 'end': '2022-03-23 22:00:00', 'value': 99.84, 'num_readings': 4, 'percentage_capture': 100, 'rating': 2}, 'so2': {'start': '2022-03-23 21:01:00', 'end': '2022-03-23 22:00:00', 'value': 3.54, 'num_readings': 4, 'percentage_capture': 100, 'rating': 1}, 'co': {'start': '2022-03-23 21:01:00', 'end': '2022-03-23 22:00:00', 'value': 0.31, 'num_readings': 4, 'percentage_capture': 100, 'rating': None}}",66297,2,333357596.0,2399.0,2022-03-23 22:00:00,,,96.1669,,2.4392,0.3493,23-03-2022,22:00,6705.0,1 hour,green
47,3787,Station 105,"Eyre Square, Galway",53.273966,-9.04846,EPA-105,EPA-105,,25,333372156.0,"{'monitor_type_id': 25, 'name': 'Multiple', 'manufacturer': 'Multiple', 'category': 'air', 'sample_code': '', 'sample_serial_number': ''}","{'air_reading_id': 333372156, 'monitor_id': 3787, 'project_id': 2399, 'recorded_at': '2022-03-23 23:00:00', 'pm10': None, 'pm2_5': None, 'no2': 16.5729, 'o3': None, 'so2': None, 'co': None, 'date': '23-03-2022', 'time': '23:00', 'secs_since': 3105, 'time_since': '51 mins', 'status': 'green'}","{'no2': {'start': '2022-03-23 22:01:00', 'end': '2022-03-23 23:00:00', 'value': 29.05, 'num_readings': 4, 'percentage_capture': 100, 'rating': 1}}",7312,1,333372156.0,2399.0,2022-03-23 23:00:00,,,16.5729,,,,23-03-2022,23:00,3105.0,51 mins,green
48,1993,Station 51,"Mace Head, Carna, Co. Galway",53.325311,-9.903634,EPA-51,EPA-51,0000-00-00,25,333375823.0,"{'monitor_type_id': 25, 'name': 'Multiple', 'manufacturer': 'Multiple', 'category': 'air', 'sample_code': '', 'sample_serial_number': ''}","{'air_reading_id': 333375823, 'monitor_id': 1993, 'project_id': 2399, 'recorded_at': '2022-03-23 21:00:00', 'pm10': None, 'pm2_5': None, 'no2': None, 'o3': 91.1835, 'so2': None, 'co': None, 'date': '23-03-2022', 'time': '21:00', 'secs_since': 10305, 'time_since': '2 hours', 'status': 'green'}","{'o3': {'start': '2022-03-23 13:01:00', 'end': '2022-03-23 21:00:00', 'value': 95.78, 'num_readings': 8, 'percentage_capture': 100, 'rating': 3}}",16556,3,333375823.0,2399.0,2022-03-23 21:00:00,,,,91.1835,,,23-03-2022,21:00,10305.0,2 hours,green
49,3677,TNO4467 (Communication Issue),"Tuam, Co. Galway",53.51423,-8.85445,TNO4467,TNO4467,,19,314049099.0,"{'monitor_type_id': 19, 'name': 'Osiris', 'manufacturer': 'Turnkey', 'category': 'air', 'sample_code': 'TNO1234', 'sample_serial_number': 'TNO1234'}","{'air_reading_id': 314049099, 'monitor_id': 3677, 'project_id': 2497, 'recorded_at': '2022-02-02 09:30:00', 'pm10': 23.6, 'pm2_5': 17.58, 'no2': None, 'o3': None, 'so2': None, 'co': None, 'date': '02-02-2022', 'time': '09:30', 'secs_since': 4285305, 'time_since': '1 month', 'status': 'red'}","{'pm10': {'start': '2022-02-01 09:01:00', 'end': '2022-02-02 09:00:00', 'value': 10.31, 'num_readings': 95, 'percentage_capture': 98}, 'pm2_5': {'start': '2022-02-01 09:01:00', 'end': '2022-02-02 09:00:00', 'value': 8.43, 'num_readings': 95, 'percentage_capture': 98}}",7976,0,314049099.0,2497.0,2022-02-02 09:30:00,23.6,17.58,,,,,02-02-2022,09:30,4285305.0,1 month,red
50,2013,Station 71,"Tralee Library, Co. Kerry",52.267115,-9.697958,EPA-71,EPA-71,0000-00-00,23,333372101.0,"{'monitor_type_id': 23, 'name': 'Fidas 200', 'manufacturer': 'Palas', 'category': 'air', 'sample_code': '', 'sample_serial_number': ''}","{'air_reading_id': 333372101, 'monitor_id': 2013, 'project_id': 2399, 'recorded_at': '2022-03-23 23:15:00', 'pm10': 51.59, 'pm2_5': 43.46, 'no2': None, 'o3': None, 'so2': None, 'co': None, 'date': '23-03-2022', 'time': '23:15', 'secs_since': 2205, 'time_since': '36 mins', 'status': 'green'}","{'pm10': {'start': '2022-03-22 23:01:00', 'end': '2022-03-23 23:00:00', 'value': 28.65, 'num_readings': 96, 'percentage_capture': 100, 'rating': 2}, 'pm2_5': {'start': '2022-03-22 23:01:00', 'end': '2022-03-23 23:00:00', 'value': 22.42, 'num_readings': 96, 'percentage_capture': 100, 'rating': 2}}",66712,2,333372101.0,2399.0,2022-03-23 23:15:00,51.59,43.46,,,,,23-03-2022,23:15,2205.0,36 mins,green
51,1987,Station 45,"Valentia Observatory, Caherciveen, Co. Kerry",51.938529,-10.240088,EPA-45,EPA-45,0000-00-00,25,333372021.0,"{'monitor_type_id': 25, 'name': 'Multiple', 'manufacturer': 'Multiple', 'category': 'air', 'sample_code': '', 'sample_serial_number': ''}","{'air_reading_id': 333372021, 'monitor_id': 1987, 'project_id': 2399, 'recorded_at': '2022-03-23 23:00:00', 'pm10': None, 'pm2_5': None, 'no2': None, 'o3': 75.2379, 'so2': None, 'co': None, 'date': '23-03-2022', 'time': '23:00', 'secs_since': 3105, 'time_since': '51 mins', 'status': 'green'}","{'o3': {'start': '2022-03-23 15:01:00', 'end': '2022-03-23 23:00:00', 'value': 80.48, 'num_readings': 32, 'percentage_capture': 100, 'rating': 3}}",66564,3,333372021.0,2399.0,2022-03-23 23:00:00,,,,75.2379,,,23-03-2022,23:00,3105.0,51 mins,green
52,2092,TNO4160,"Celbridge, Co. Kildare",53.34442,-6.54432,TNO4160,TNO4160,0000-00-00,19,333380431.0,"{'monitor_type_id': 19, 'name': 'Osiris', 'manufacturer': 'Turnkey', 'category': 'air', 'sample_code': 'TNO1234', 'sample_serial_number': 'TNO1234'}","{'air_reading_id': 333380431, 'monitor_id': 2092, 'project_id': 2497, 'recorded_at': '2022-03-23 23:45:00', 'pm10': 34.7, 'pm2_5': 13.84, 'no2': None, 'o3': None, 'so2': None, 'co': None, 'date': '23-03-2022', 'time': '23:45', 'secs_since': 405, 'time_since': '6 mins', 'status': 'green'}","{'pm10': {'start': '2022-03-22 23:01:00', 'end': '2022-03-23 23:00:00', 'value': 12.99, 'num_readings': 95, 'percentage_capture': 98, 'rating': 1}, 'pm2_5': {'start': '2022-03-22 23:01:00', 'end': '2022-03-23 23:00:00', 'value': 6.97, 'num_readings': 95, 'percentage_capture': 98, 'rating': 1}}",51061,1,333380431.0,2497.0,2022-03-23 23:45:00,34.7,13.84,,,,,23-03-2022,23:45,405.0,6 mins,green
53,3834,Station 106,"Leixlip Library, Co. Kildare",53.371882,-6.486747,EPA-106,EPA-106,,23,333372160.0,"{'monitor_type_id': 23, 'name': 'Fidas 200', 'manufacturer': 'Palas', 'category': 'air', 'sample_code': '', 'sample_serial_number': ''}","{'air_reading_id': 333372160, 'monitor_id': 3834, 'project_id': 2399, 'recorded_at': '2022-03-23 23:00:00', 'pm10': 28.26, 'pm2_5': 19.62, 'no2': None, 'o3': None, 'so2': None, 'co': None, 'date': '23-03-2022', 'time': '23:00', 'secs_since': 3105, 'time_since': '51 mins', 'status': 'green'}","{'pm10': {'start': '2022-03-22 23:01:00', 'end': '2022-03-23 23:00:00', 'value': 23.97, 'num_readings': 96, 'percentage_capture': 100, 'rating': 2}, 'pm2_5': {'start': '2022-03-22 23:01:00', 'end': '2022-03-23 23:00:00', 'value': 14.83, 'num_readings': 96, 'percentage_capture': 100, 'rating': 2}}",2813,2,333372160.0,2399.0,2022-03-23 23:00:00,28.26,19.62,,,,,23-03-2022,23:00,3105.0,51 mins,green
54,3090,Station 83,"Naas, Co. Kildare",53.218113,-6.659089,EPA-83,EPA-83,,23,333372132.0,"{'monitor_type_id': 23, 'name': 'Fidas 200', 'manufacturer': 'Palas', 'category': 'air', 'sample_code': '', 'sample_serial_number': ''}","{'air_reading_id': 333372132, 'monitor_id': 3090, 'project_id': 2399, 'recorded_at': '2022-03-23 23:00:00', 'pm10': 24.69, 'pm2_5': 17.43, 'no2': None, 'o3': None, 'so2': None, 'co': None, 'date': '23-03-2022', 'time': '23:00', 'secs_since': 3105, 'time_since': '51 mins', 'status': 'green'}","{'pm10': {'start': '2022-03-22 23:01:00', 'end': '2022-03-23 23:00:00', 'value': 29.53, 'num_readings': 96, 'percentage_capture': 100, 'rating': 2}, 'pm2_5': {'start': '2022-03-22 23:01:00', 'end': '2022-03-23 23:00:00', 'value': 16.23, 'num_readings': 96, 'percentage_capture': 100, 'rating': 2}}",31089,2,333372132.0,2399.0,2022-03-23 23:00:00,24.69,17.43,,,,,23-03-2022,23:00,3105.0,51 mins,green
55,2086,TNO3953,"Newbridge, Co. Kildare",53.18019,-6.800826,TNO3953,TNO3953,0000-00-00,19,333380415.0,"{'monitor_type_id': 19, 'name': 'Osiris', 'manufacturer': 'Turnkey', 'category': 'air', 'sample_code': 'TNO1234', 'sample_serial_number': 'TNO1234'}","{'air_reading_id': 333380415, 'monitor_id': 2086, 'project_id': 2497, 'recorded_at': '2022-03-23 23:45:00', 'pm10': 17.3, 'pm2_5': 10.73, 'no2': None, 'o3': None, 'so2': None, 'co': None, 'date': '23-03-2022', 'time': '23:45', 'secs_since': 405, 'time_since': '6 mins', 'status': 'green'}","{'pm10': {'start': '2022-03-22 23:01:00', 'end': '2022-03-23 23:00:00', 'value': 13.49, 'num_readings': 95, 'percentage_capture': 98, 'rating': 1}, 'pm2_5': {'start': '2022-03-22 23:01:00', 'end': '2022-03-23 23:00:00', 'value': 7.6, 'num_readings': 95, 'percentage_capture': 98, 'rating': 1}}",70806,1,333380415.0,2497.0,2022-03-23 23:45:00,17.3,10.73,,,,,23-03-2022,23:45,405.0,6 mins,green
56,1983,Station 36,"Callan Road, Kilkenny",52.638327,-7.267609,EPA-36,EPA-36,0000-00-00,25,333379197.0,"{'monitor_type_id': 25, 'name': 'Multiple', 'manufacturer': 'Multiple', 'category': 'air', 'sample_code': '', 'sample_serial_number': ''}","{'air_reading_id': 333379197, 'monitor_id': 1983, 'project_id': 2399, 'recorded_at': '2022-03-23 23:30:00', 'pm10': 46, 'pm2_5': None, 'no2': 23.0881, 'o3': 19.0301, 'so2': None, 'co': None, 'date': '23-03-2022', 'time': '23:30', 'secs_since': 1305, 'time_since': '21 mins', 'status': 'green'}","{'pm10': {'start': '2022-03-22 23:01:00', 'end': '2022-03-23 23:00:00', 'value': 32.08, 'num_readings': 96, 'percentage_capture': 100, 'rating': 2}, 'o3': {'start': '2022-03-23 15:01:00', 'end': '2022-03-23 23:00:00', 'value': 66.86, 'num_readings': 32, 'percentage_capture': 100, 'rating': 3}, 'no2': {'start': '2022-03-23 22:01:00', 'end': '2022-03-23 23:00:00', 'value': 22.11, 'num_readings': 4, 'percentage_capture': 100, 'rating': 1}}",66590,3,333379197.0,2399.0,2022-03-23 23:30:00,46.0,,23.0881,19.0301,,,23-03-2022,23:30,1305.0,21 mins,green
57,2089,TNO4157,"Thomastown, Co. Kilkenny",52.5302193,-7.1379192,TNO4157,TNO4157,0000-00-00,19,333380418.0,"{'monitor_type_id': 19, 'name': 'Osiris', 'manufacturer': 'Turnkey', 'category': 'air', 'sample_code': 'TNO1234', 'sample_serial_number': 'TNO1234'}","{'air_reading_id': 333380418, 'monitor_id': 2089, 'project_id': 2497, 'recorded_at': '2022-03-23 23:45:00', 'pm10': 15.5, 'pm2_5': 12.09, 'no2': None, 'o3': None, 'so2': None, 'co': None, 'date': '23-03-2022', 'time': '23:45', 'secs_since': 405, 'time_since': '6 mins', 'status': 'green'}","{'pm10': {'start': '2022-03-22 23:01:00', 'end': '2022-03-23 23:00:00', 'value': 13.24, 'num_readings': 95, 'percentage_capture': 98, 'rating': 1}, 'pm2_5': {'start': '2022-03-22 23:01:00', 'end': '2022-03-23 23:00:00', 'value': 10.08, 'num_readings': 95, 'percentage_capture': 98, 'rating': 1}}",95837,1,333380418.0,2497.0,2022-03-23 23:45:00,15.5,12.09,,,,,23-03-2022,23:45,405.0,6 mins,green
58,2004,Station 62,"Emo, Co. Laois",53.107617,-7.198317,EPA-62,EPA-62,0000-00-00,25,333379209.0,"{'monitor_type_id': 25, 'name': 'Multiple', 'manufacturer': 'Multiple', 'category': 'air', 'sample_code': '', 'sample_serial_number': ''}","{'air_reading_id': 333379209, 'monitor_id': 2004, 'project_id': 2399, 'recorded_at': '2022-03-23 23:30:00', 'pm10': None, 'pm2_5': None, 'no2': 5.5951, 'o3': 67.2706, 'so2': None, 'co': None, 'date': '23-03-2022', 'time': '23:30', 'secs_since': 1305, 'time_since': '21 mins', 'status': 'green'}","{'o3': {'start': '2022-03-23 15:01:00', 'end': '2022-03-23 23:00:00', 'value': 75.57, 'num_readings': 32, 'percentage_capture': 100, 'rating': 3}, 'no2': {'start': '2022-03-23 22:01:00', 'end': '2022-03-23 23:00:00', 'value': 6.51, 'num_readings': 4, 'percentage_capture': 100, 'rating': 1}}",64354,3,333379209.0,2399.0,2022-03-23 23:30:00,,,5.5951,67.2706,,,23-03-2022,23:30,1305.0,21 mins,green
59,2087,TNO3954,"Mountrath, Co. Laois",53.0056521,-7.4686841,TNO3954,TNO3954,0000-00-00,19,333380416.0,"{'monitor_type_id': 19, 'name': 'Osiris', 'manufacturer': 'Turnkey', 'category': 'air', 'sample_code': 'TNO1234', 'sample_serial_number': 'TNO1234'}","{'air_reading_id': 333380416, 'monitor_id': 2087, 'project_id': 2497, 'recorded_at': '2022-03-23 23:45:00', 'pm10': 12.2, 'pm2_5': 9.48, 'no2': None, 'o3': None, 'so2': None, 'co': None, 'date': '23-03-2022', 'time': '23:45', 'secs_since': 405, 'time_since': '6 mins', 'status': 'green'}","{'pm10': {'start': '2022-03-22 23:01:00', 'end': '2022-03-23 23:00:00', 'value': 13.73, 'num_readings': 95, 'percentage_capture': 98, 'rating': 1}, 'pm2_5': {'start': '2022-03-22 23:01:00', 'end': '2022-03-23 23:00:00', 'value': 10.51, 'num_readings': 95, 'percentage_capture': 98, 'rating': 1}}",71207,1,333380416.0,2497.0,2022-03-23 23:45:00,12.2,9.48,,,,,23-03-2022,23:45,405.0,6 mins,green
60,1967,Station 16,"Portlaoise, Co. Laois",53.036139,-7.288808,EPA-16,EPA-16,0000-00-00,25,333371986.0,"{'monitor_type_id': 25, 'name': 'Multiple', 'manufacturer': 'Multiple', 'category': 'air', 'sample_code': '', 'sample_serial_number': ''}","{'air_reading_id': 333371986, 'monitor_id': 1967, 'project_id': 2399, 'recorded_at': '2022-03-23 23:00:00', 'pm10': 39.8645, 'pm2_5': 29.6806, 'no2': 28.2476, 'o3': None, 'so2': 1.3452, 'co': 0.3652, 'date': '23-03-2022', 'time': '23:00', 'secs_since': 3105, 'time_since': '51 mins', 'status': 'green'}","{'pm10': {'start': '2022-03-22 23:01:00', 'end': '2022-03-23 23:00:00', 'value': 25.39, 'num_readings': 96, 'percentage_capture': 100, 'rating': 2}, 'pm2_5': {'start': '2022-03-22 23:01:00', 'end': '2022-03-23 23:00:00', 'value': 17.68, 'num_readings': 96, 'percentage_capture': 100, 'rating': 2}, 'no2': {'start': '2022-03-23 22:01:00', 'end': '2022-03-23 23:00:00', 'value': 23.82, 'num_readings': 4, 'percentage_capture': 100, 'rating': 1}, 'so2': {'start': '2022-03-23 22:01:00', 'end': '2022-03-23 23:00:00', 'value': 1.56, 'num_readings': 4, 'percentage_capture': 100, 'rating': 1}, 'co': {'start': '2022-03-23 22:01:00', 'end': '2022-03-23 23:00:00', 'value': 0.4, 'num_readings': 4, 'percentage_capture': 100, 'rating': None}}",65946,2,333371986.0,2399.0,2022-03-23 23:00:00,39.8645,29.6806,28.2476,,1.3452,0.3652,23-03-2022,23:00,3105.0,51 mins,green
61,2470,Station 80,"Carrick-on-Shannon, Co. Leitrim",53.944,-8.0865,EPA-80,EPA-80,0000-00-00,25,333372124.0,"{'monitor_type_id': 25, 'name': 'Multiple', 'manufacturer': 'Multiple', 'category': 'air', 'sample_code': '', 'sample_serial_number': ''}","{'air_reading_id': 333372124, 'monitor_id': 2470, 'project_id': 2399, 'recorded_at': '2022-03-23 23:00:00', 'pm10': 21.13, 'pm2_5': 14.6284, 'no2': 7.7966, 'o3': None, 'so2': None, 'co': None, 'date': '23-03-2022', 'time': '23:00', 'secs_since': 3106, 'time_since': '51 mins', 'status': 'green'}","{'pm10': {'start': '2022-03-22 23:01:00', 'end': '2022-03-23 23:00:00', 'value': 23.62, 'num_readings': 96, 'percentage_capture': 100, 'rating': 2}, 'pm2_5': {'start': '2022-03-22 23:01:00', 'end': '2022-03-23 23:00:00', 'value': 16.02, 'num_readings': 96, 'percentage_capture': 100, 'rating': 2}, 'no2': {'start': '2022-03-23 22:01:00', 'end': '2022-03-23 23:00:00', 'value': 11.4, 'num_readings': 4, 'percentage_capture': 100, 'rating': 1}}",44203,2,333372124.0,2399.0,2022-03-23 23:00:00,21.13,14.6284,7.7966,,,,23-03-2022,23:00,3106.0,51 mins,green
62,2084,TNO3951,"Abbeyfeale, Limerick",52.38613,-9.29821,TNO3951,TNO3951,0000-00-00,19,333380403.0,"{'monitor_type_id': 19, 'name': 'Osiris', 'manufacturer': 'Turnkey', 'category': 'air', 'sample_code': 'TNO1234', 'sample_serial_number': 'TNO1234'}","{'air_reading_id': 333380403, 'monitor_id': 2084, 'project_id': 2497, 'recorded_at': '2022-03-23 23:45:00', 'pm10': 24.1, 'pm2_5': 21.13, 'no2': None, 'o3': None, 'so2': None, 'co': None, 'date': '23-03-2022', 'time': '23:45', 'secs_since': 406, 'time_since': '6 mins', 'status': 'green'}","{'pm10': {'start': '2022-03-22 23:01:00', 'end': '2022-03-23 23:00:00', 'value': 16.73, 'num_readings': 287, 'percentage_capture': 298, 'rating': 2}, 'pm2_5': {'start': '2022-03-22 23:01:00', 'end': '2022-03-23 23:00:00', 'value': 12.77, 'num_readings': 287, 'percentage_capture': 298, 'rating': 2}}",97365,2,333380403.0,2497.0,2022-03-23 23:45:00,24.1,21.13,,,,,23-03-2022,23:45,406.0,6 mins,green
63,2016,Station 74,"Askeaton, Co. Limerick",52.590446,-8.970515,EPA-74,EPA-74,0000-00-00,25,333372106.0,"{'monitor_type_id': 25, 'name': 'Multiple', 'manufacturer': 'Multiple', 'category': 'air', 'sample_code': '', 'sample_serial_number': ''}","{'air_reading_id': 333372106, 'monitor_id': 2016, 'project_id': 2399, 'recorded_at': '2022-03-23 23:00:00', 'pm10': 25.0032, 'pm2_5': 19.2297, 'no2': None, 'o3': None, 'so2': 6.6345, 'co': None, 'date': '23-03-2022', 'time': '23:00', 'secs_since': 3106, 'time_since': '51 mins', 'status': 'green'}","{'pm10': {'start': '2022-03-22 23:01:00', 'end': '2022-03-23 23:00:00', 'value': 20.88, 'num_readings': 96, 'percentage_capture': 100, 'rating': 2}, 'pm2_5': {'start': '2022-03-22 23:01:00', 'end': '2022-03-23 23:00:00', 'value': 15.13, 'num_readings': 96, 'percentage_capture': 100, 'rating': 2}, 'so2': {'start': '2022-03-23 22:01:00', 'end': '2022-03-23 23:00:00', 'value': 6.79, 'num_readings': 4, 'percentage_capture': 100, 'rating': 1}}",55698,2,333372106.0,2399.0,2022-03-23 23:00:00,25.0032,19.2297,,,6.6345,,23-03-2022,23:00,3106.0,51 mins,green
64,2095,TNO3840,"Castletroy, Limerick",52.663114,-8.540401,TNO3840,TNO3840,0000-00-00,19,327120776.0,"{'monitor_type_id': 19, 'name': 'Osiris', 'manufacturer': 'Turnkey', 'category': 'air', 'sample_code': 'TNO1234', 'sample_serial_number': 'TNO1234'}","{'air_reading_id': 327120776, 'monitor_id': 2095, 'project_id': 2497, 'recorded_at': '2022-03-07 11:50:00', 'pm10': 5.9, 'pm2_5': 1.98, 'no2': None, 'o3': None, 'so2': None, 'co': None, 'date': '07-03-2022', 'time': '11:50', 'secs_since': 1425706, 'time_since': '2 weeks', 'status': 'red'}","{'pm10': {'start': '2022-03-06 11:01:00', 'end': '2022-03-07 11:00:00', 'value': 3.49, 'num_readings': 287, 'percentage_capture': 99}, 'pm2_5': {'start': '2022-03-06 11:01:00', 'end': '2022-03-07 11:00:00', 'value': 1.72, 'num_readings': 287, 'percentage_capture': 99}}",156296,0,327120776.0,2497.0,2022-03-07 11:50:00,5.9,1.98,,,,,07-03-2022,11:50,1425706.0,2 weeks,red
65,3268,Station 85,"Henry Street, Limerick",52.661291,-8.631649,EPA-85,EPA-85,0000-00-00,25,333372140.0,"{'monitor_type_id': 25, 'name': 'Multiple', 'manufacturer': 'Multiple', 'category': 'air', 'sample_code': '', 'sample_serial_number': ''}","{'air_reading_id': 333372140, 'monitor_id': 3268, 'project_id': 2399, 'recorded_at': '2022-03-23 22:00:00', 'pm10': 32.4004, 'pm2_5': 23.7031, 'no2': 16.1755, 'o3': 67.1886, 'so2': None, 'co': None, 'date': '23-03-2022', 'time': '22:00', 'secs_since': 6706, 'time_since': '1 hour', 'status': 'green'}","{'pm10': {'start': '2022-03-22 22:01:00', 'end': '2022-03-23 22:00:00', 'value': 23.48, 'num_readings': 96, 'percentage_capture': 100, 'rating': 2}, 'pm2_5': {'start': '2022-03-22 22:01:00', 'end': '2022-03-23 22:00:00', 'value': 16.49, 'num_readings': 96, 'percentage_capture': 100, 'rating': 2}, 'o3': {'start': '2022-03-23 14:01:00', 'end': '2022-03-23 22:00:00', 'value': 80.75, 'num_readings': 32, 'percentage_capture': 100, 'rating': 3}, 'no2': {'start': '2022-03-23 21:01:00', 'end': '2022-03-23 22:00:00', 'value': 18.42, 'num_readings': 4, 'percentage_capture': 100, 'rating': 1}}",25453,3,333372140.0,2399.0,2022-03-23 22:00:00,32.4004,23.7031,16.1755,67.1886,,,23-03-2022,22:00,6706.0,1 hour,green
66,2096,TNO3841,"Mungret, Co. Limerick",52.640063,-8.677259,TNO3841,TNO3841,0000-00-00,19,327100552.0,"{'monitor_type_id': 19, 'name': 'Osiris', 'manufacturer': 'Turnkey', 'category': 'air', 'sample_code': 'TNO1234', 'sample_serial_number': 'TNO1234'}","{'air_reading_id': 327100552, 'monitor_id': 2096, 'project_id': 2497, 'recorded_at': '2022-03-07 10:35:00', 'pm10': 11.2, 'pm2_5': 6.59, 'no2': None, 'o3': None, 'so2': None, 'co': None, 'date': '07-03-2022', 'time': '10:35', 'secs_since': 1430206, 'time_since': '2 weeks', 'status': 'red'}","{'pm10': {'start': '2022-03-06 10:01:00', 'end': '2022-03-07 10:00:00', 'value': 6.59, 'num_readings': 287, 'percentage_capture': 99}, 'pm2_5': {'start': '2022-03-06 10:01:00', 'end': '2022-03-07 10:00:00', 'value': 4.83, 'num_readings': 287, 'percentage_capture': 99}}",144729,0,327100552.0,2497.0,2022-03-07 10:35:00,11.2,6.59,,,,,07-03-2022,10:35,1430206.0,2 weeks,red
67,2094,TNO3839,"O'Connell St, Limerick",52.66385,-8.626646,TNO3839,TNO3839,0000-00-00,19,333380454.0,"{'monitor_type_id': 19, 'name': 'Osiris', 'manufacturer': 'Turnkey', 'category': 'air', 'sample_code': 'TNO1234', 'sample_serial_number': 'TNO1234'}","{'air_reading_id': 333380454, 'monitor_id': 2094, 'project_id': 2497, 'recorded_at': '2022-03-23 23:45:00', 'pm10': 24.9, 'pm2_5': 16.55, 'no2': None, 'o3': None, 'so2': None, 'co': None, 'date': '23-03-2022', 'time': '23:45', 'secs_since': 406, 'time_since': '6 mins', 'status': 'green'}","{'pm10': {'start': '2022-03-22 23:01:00', 'end': '2022-03-23 23:00:00', 'value': 19.5, 'num_readings': 287, 'percentage_capture': 99, 'rating': 2}, 'pm2_5': {'start': '2022-03-22 23:01:00', 'end': '2022-03-23 23:00:00', 'value': 12.7, 'num_readings': 287, 'percentage_capture': 99, 'rating': 2}}",146819,2,333380454.0,2497.0,2022-03-23 23:45:00,24.9,16.55,,,,,23-03-2022,23:45,406.0,6 mins,green
68,1984,Station 39,"People's Park, Limerick",52.658656,-8.628739,EPA-39,EPA-39,0000-00-00,25,333379199.0,"{'monitor_type_id': 25, 'name': 'Multiple', 'manufacturer': 'Multiple', 'category': 'air', 'sample_code': '', 'sample_serial_number': ''}","{'air_reading_id': 333379199, 'monitor_id': 1984, 'project_id': 2399, 'recorded_at': '2022-03-23 23:30:00', 'pm10': 30.2782, 'pm2_5': 23.4155, 'no2': 7.5693, 'o3': 82.9103, 'so2': None, 'co': None, 'date': '23-03-2022', 'time': '23:30', 'secs_since': 1306, 'time_since': '21 mins', 'status': 'green'}","{'pm10': {'start': '2022-03-22 23:01:00', 'end': '2022-03-23 23:00:00', 'value': 23.61, 'num_readings': 96, 'percentage_capture': 100, 'rating': 2}, 'pm2_5': {'start': '2022-03-22 23:01:00', 'end': '2022-03-23 23:00:00', 'value': 17.07, 'num_readings': 96, 'percentage_capture': 100, 'rating': 2}, 'o3': {'start': '2022-03-23 15:01:00', 'end': '2022-03-23 23:00:00', 'value': 97.32, 'num_readings': 32, 'percentage_capture': 100, 'rating': 3}, 'no2': {'start': '2022-03-23 22:01:00', 'end': '2022-03-23 23:00:00', 'value': 11.39, 'num_readings': 4, 'percentage_capture': 100, 'rating': 1}}",61660,4,333379199.0,2399.0,2022-03-23 23:30:00,30.2782,23.4155,7.5693,82.9103,,,23-03-2022,23:30,1306.0,21 mins,green
69,1985,Station 43,Longford Town,53.725554,-7.791275,EPA-43,EPA-43,0000-00-00,23,333357635.0,"{'monitor_type_id': 23, 'name': 'Fidas 200', 'manufacturer': 'Palas', 'category': 'air', 'sample_code': '', 'sample_serial_number': ''}","{'air_reading_id': 333357635, 'monitor_id': 1985, 'project_id': 2399, 'recorded_at': '2022-03-23 22:15:00', 'pm10': 28.45, 'pm2_5': 23.82, 'no2': None, 'o3': None, 'so2': None, 'co': None, 'date': '23-03-2022', 'time': '22:15', 'secs_since': 5806, 'time_since': '1 hour', 'status': 'green'}","{'pm10': {'start': '2022-03-22 22:01:00', 'end': '2022-03-23 22:00:00', 'value': 30.74, 'num_readings': 96, 'percentage_capture': 100, 'rating': 2}, 'pm2_5': {'start': '2022-03-22 22:01:00', 'end': '2022-03-23 22:00:00', 'value': 21.75, 'num_readings': 96, 'percentage_capture': 100, 'rating': 2}}",39539,2,333357635.0,2399.0,2022-03-23 22:15:00,28.45,23.82,,,,,23-03-2022,22:15,5806.0,1 hour,green
70,3096,Station 84,"Drogheda, Co. Louth",53.732182,-6.3200354,EPA-84,EPA-84,0000-00-00,23,333372136.0,"{'monitor_type_id': 23, 'name': 'Fidas 200', 'manufacturer': 'Palas', 'category': 'air', 'sample_code': '', 'sample_serial_number': ''}","{'air_reading_id': 333372136, 'monitor_id': 3096, 'project_id': 2399, 'recorded_at': '2022-03-23 23:15:00', 'pm10': 49.17, 'pm2_5': 32.74, 'no2': None, 'o3': None, 'so2': None, 'co': None, 'date': '23-03-2022', 'time': '23:15', 'secs_since': 2206, 'time_since': '36 mins', 'status': 'green'}","{'pm10': {'start': '2022-03-22 23:01:00', 'end': '2022-03-23 23:00:00', 'value': 38.04, 'num_readings': 96, 'percentage_capture': 100, 'rating': 3}, 'pm2_5': {'start': '2022-03-22 23:01:00', 'end': '2022-03-23 23:00:00', 'value': 26.31, 'num_readings': 96, 'percentage_capture': 100, 'rating': 3}}",31608,3,333372136.0,2399.0,2022-03-23 23:15:00,49.17,32.74,,,,,23-03-2022,23:15,2206.0,36 mins,green
71,1971,Station 23,"Dundalk, Co. Louth",54.003141,-6.392611,EPA-23,EPA-23,0000-00-00,25,333320967.0,"{'monitor_type_id': 25, 'name': 'Multiple', 'manufacturer': 'Multiple', 'category': 'air', 'sample_code': '', 'sample_serial_number': ''}","{'air_reading_id': 333320967, 'monitor_id': 1971, 'project_id': 2399, 'recorded_at': '2022-03-23 18:30:00', 'pm10': 33.9, 'pm2_5': None, 'no2': 10.9097, 'o3': None, 'so2': 2.2174, 'co': 0.45080000000000003, 'date': '23-03-2022', 'time': '18:30', 'secs_since': 19306, 'time_since': '5 hours', 'status': 'green'}","{'pm10': {'start': '2022-03-22 18:01:00', 'end': '2022-03-23 18:00:00', 'value': 29.39, 'num_readings': 96, 'percentage_capture': 100, 'rating': 2}, 'no2': {'start': '2022-03-23 17:01:00', 'end': '2022-03-23 18:00:00', 'value': 13.36, 'num_readings': 4, 'percentage_capture': 100, 'rating': 1}, 'so2': {'start': '2022-03-23 17:01:00', 'end': '2022-03-23 18:00:00', 'value': 0.37, 'num_readings': 4, 'percentage_capture': 100, 'rating': 1}, 'co': {'start': '2022-03-23 17:01:00', 'end': '2022-03-23 18:00:00', 'value': 0.45, 'num_readings': 4, 'percentage_capture': 100, 'rating': None}}",63375,2,333320967.0,2399.0,2022-03-23 18:30:00,33.9,,10.9097,,2.2174,0.45080000000000003,23-03-2022,18:30,19306.0,5 hours,green
72,2460,TNO4468,"Ballina, Co. Mayo",54.11468,-9.152606,TNO4468,TNO4468,0000-00-00,19,322992256.0,"{'monitor_type_id': 19, 'name': 'Osiris', 'manufacturer': 'Turnkey', 'category': 'air', 'sample_code': 'TNO1234', 'sample_serial_number': 'TNO1234'}","{'air_reading_id': 322992256, 'monitor_id': 2460, 'project_id': 2497, 'recorded_at': '2022-02-24 17:45:00', 'pm10': 20.8, 'pm2_5': 18.65, 'no2': None, 'o3': None, 'so2': None, 'co': None, 'date': '24-02-2022', 'time': '17:45', 'secs_since': 2354806, 'time_since': '3 weeks', 'status': 'red'}","{'pm10': {'start': '2022-02-23 17:01:00', 'end': '2022-02-24 17:00:00', 'value': 15.83, 'num_readings': 3, 'percentage_capture': 3}, 'pm2_5': {'start': '2022-02-23 17:01:00', 'end': '2022-02-24 17:00:00', 'value': 14.52, 'num_readings': 3, 'percentage_capture': 3}}",37005,0,322992256.0,2497.0,2022-02-24 17:45:00,20.8,18.65,,,,,24-02-2022,17:45,2354806.0,3 weeks,red
73,1974,Station 26,"Castlebar, Co. Mayo",53.851045,-9.300291,EPA-26,EPA-26,0000-00-00,25,333379195.0,"{'monitor_type_id': 25, 'name': 'Multiple', 'manufacturer': 'Multiple', 'category': 'air', 'sample_code': '', 'sample_serial_number': ''}","{'air_reading_id': 333379195, 'monitor_id': 1974, 'project_id': 2399, 'recorded_at': '2022-03-23 23:30:00', 'pm10': 26, 'pm2_5': None, 'no2': 5.9776, 'o3': 73.7189, 'so2': None, 'co': None, 'date': '23-03-2022', 'time': '23:30', 'secs_since': 1306, 'time_since': '21 mins', 'status': 'green'}","{'pm10': {'start': '2022-03-22 23:01:00', 'end': '2022-03-23 23:00:00', 'value': 28.29, 'num_readings': 96, 'percentage_capture': 100, 'rating': 2}, 'o3': {'start': '2022-03-23 15:01:00', 'end': '2022-03-23 23:00:00', 'value': 77.35, 'num_readings': 32, 'percentage_capture': 100, 'rating': 3}, 'no2': {'start': '2022-03-23 22:01:00', 'end': '2022-03-23 23:00:00', 'value': 10.75, 'num_readings': 4, 'percentage_capture': 100, 'rating': 1}}",66415,3,333379195.0,2399.0,2022-03-23 23:30:00,26.0,,5.9776,73.7189,,,23-03-2022,23:30,1306.0,21 mins,green
74,1980,Station 103,"Claremorris, Co. Mayo",53.686607,-9.013405,EPA-103,EPA-103,0000-00-00,23,333372152.0,"{'monitor_type_id': 23, 'name': 'Fidas 200', 'manufacturer': 'Palas', 'category': 'air', 'sample_code': '', 'sample_serial_number': ''}","{'air_reading_id': 333372152, 'monitor_id': 1980, 'project_id': 2399, 'recorded_at': '2022-03-23 23:00:00', 'pm10': 14.77, 'pm2_5': 11.67, 'no2': None, 'o3': None, 'so2': None, 'co': None, 'date': '23-03-2022', 'time': '23:00', 'secs_since': 3106, 'time_since': '51 mins', 'status': 'green'}","{'pm10': {'start': '2022-03-22 23:01:00', 'end': '2022-03-23 23:00:00', 'value': 18.18, 'num_readings': 96, 'percentage_capture': 100, 'rating': 2}, 'pm2_5': {'start': '2022-03-22 23:01:00', 'end': '2022-03-23 23:00:00', 'value': 13.91, 'num_readings': 96, 'percentage_capture': 100, 'rating': 2}}",9882,2,333372152.0,2399.0,2022-03-23 23:00:00,14.77,11.67,,,,,23-03-2022,23:00,3106.0,51 mins,green
75,2010,Station 68,"Navan, Co. Meath",53.655483,-6.68847,EPA-68,EPA-68,0000-00-00,25,333372093.0,"{'monitor_type_id': 25, 'name': 'Multiple', 'manufacturer': 'Multiple', 'category': 'air', 'sample_code': '', 'sample_serial_number': ''}","{'air_reading_id': 333372093, 'monitor_id': 2010, 'project_id': 2399, 'recorded_at': '2022-03-23 23:00:00', 'pm10': 41.7549, 'pm2_5': 24.0324, 'no2': 68.5993, 'o3': None, 'so2': None, 'co': None, 'date': '23-03-2022', 'time': '23:00', 'secs_since': 3106, 'time_since': '51 mins', 'status': 'green'}","{'pm10': {'start': '2022-03-22 23:01:00', 'end': '2022-03-23 23:00:00', 'value': 32.69, 'num_readings': 96, 'percentage_capture': 100, 'rating': 2}, 'pm2_5': {'start': '2022-03-22 23:01:00', 'end': '2022-03-23 23:00:00', 'value': 21.79, 'num_readings': 96, 'percentage_capture': 100, 'rating': 2}, 'no2': {'start': '2022-03-23 22:01:00', 'end': '2022-03-23 23:00:00', 'value': 57.19, 'num_readings': 4, 'percentage_capture': 100, 'rating': 1}}",66575,2,333372093.0,2399.0,2022-03-23 23:00:00,41.7549,24.0324,68.5993,,,,23-03-2022,23:00,3106.0,51 mins,green
76,2000,Station 58,"Kilkitt, Co. Monaghan",54.081974,-6.88651,EPA-58,EPA-58,0000-00-00,25,333379201.0,"{'monitor_type_id': 25, 'name': 'Multiple', 'manufacturer': 'Multiple', 'category': 'air', 'sample_code': '', 'sample_serial_number': ''}","{'air_reading_id': 333379201, 'monitor_id': 2000, 'project_id': 2399, 'recorded_at': '2022-03-23 23:30:00', 'pm10': None, 'pm2_5': None, 'no2': 5.8884, 'o3': 60.7425, 'so2': 4.9864, 'co': None, 'date': '23-03-2022', 'time': '23:30', 'secs_since': 1306, 'time_since': '21 mins', 'status': 'green'}","{'o3': {'start': '2022-03-23 15:01:00', 'end': '2022-03-23 23:00:00', 'value': 76.05, 'num_readings': 32, 'percentage_capture': 100, 'rating': 3}, 'no2': {'start': '2022-03-23 22:01:00', 'end': '2022-03-23 23:00:00', 'value': 7.13, 'num_readings': 4, 'percentage_capture': 100, 'rating': 1}, 'so2': {'start': '2022-03-23 22:01:00', 'end': '2022-03-23 23:00:00', 'value': 4.88, 'num_readings': 4, 'percentage_capture': 100, 'rating': 1}}",66648,3,333379201.0,2399.0,2022-03-23 23:30:00,,,5.8884,60.7425,4.9864,,23-03-2022,23:30,1306.0,21 mins,green
77,2085,TNO3952,Monaghan Town,54.24634,-6.961403,TNO3952,TNO3952,0000-00-00,19,333380414.0,"{'monitor_type_id': 19, 'name': 'Osiris', 'manufacturer': 'Turnkey', 'category': 'air', 'sample_code': 'TNO1234', 'sample_serial_number': 'TNO1234'}","{'air_reading_id': 333380414, 'monitor_id': 2085, 'project_id': 2497, 'recorded_at': '2022-03-23 23:45:00', 'pm10': 13.7, 'pm2_5': 9.07, 'no2': None, 'o3': None, 'so2': None, 'co': None, 'date': '23-03-2022', 'time': '23:45', 'secs_since': 406, 'time_since': '6 mins', 'status': 'green'}","{'pm10': {'start': '2022-03-22 23:01:00', 'end': '2022-03-23 23:00:00', 'value': 15.65, 'num_readings': 95, 'percentage_capture': 98, 'rating': 1}, 'pm2_5': {'start': '2022-03-22 23:01:00', 'end': '2022-03-23 23:00:00', 'value': 9.58, 'num_readings': 95, 'percentage_capture': 98, 'rating': 1}}",56010,1,333380414.0,2497.0,2022-03-23 23:45:00,13.7,9.07,,,,,23-03-2022,23:45,406.0,6 mins,green
78,3784,TNO4465,"Banagher, Co. Offaly",53.190239,-7.986503,TNO4465,TNO4465,,19,333380465.0,"{'monitor_type_id': 19, 'name': 'Osiris', 'manufacturer': 'Turnkey', 'category': 'air', 'sample_code': 'TNO1234', 'sample_serial_number': 'TNO1234'}","{'air_reading_id': 333380465, 'monitor_id': 3784, 'project_id': 2497, 'recorded_at': '2022-03-23 23:45:00', 'pm10': 16.4, 'pm2_5': 11.14, 'no2': None, 'o3': None, 'so2': None, 'co': None, 'date': '23-03-2022', 'time': '23:45', 'secs_since': 406, 'time_since': '6 mins', 'status': 'green'}","{'pm10': {'start': '2022-03-22 23:01:00', 'end': '2022-03-23 23:00:00', 'value': 13.16, 'num_readings': 95, 'percentage_capture': 98, 'rating': 1}, 'pm2_5': {'start': '2022-03-22 23:01:00', 'end': '2022-03-23 23:00:00', 'value': 8.77, 'num_readings': 95, 'percentage_capture': 98, 'rating': 1}}",7174,1,333380465.0,2497.0,2022-03-23 23:45:00,16.4,11.14,,,,,23-03-2022,23:45,406.0,6 mins,green
79,2246,Station 79,"Birr, Co. Offaly",53.094459,-7.908588,EPA-79,EPA-79,0000-00-00,25,333372120.0,"{'monitor_type_id': 25, 'name': 'Multiple', 'manufacturer': 'Multiple', 'category': 'air', 'sample_code': '', 'sample_serial_number': ''}","{'air_reading_id': 333372120, 'monitor_id': 2246, 'project_id': 2399, 'recorded_at': '2022-03-23 22:45:00', 'pm10': 27.0387, 'pm2_5': 22.1107, 'no2': 15.3296, 'o3': None, 'so2': None, 'co': 1.2361, 'date': '23-03-2022', 'time': '22:45', 'secs_since': 4006, 'time_since': '1 hour', 'status': 'green'}","{'pm10': {'start': '2022-03-22 22:01:00', 'end': '2022-03-23 22:00:00', 'value': 26.97, 'num_readings': 96, 'percentage_capture': 100, 'rating': 2}, 'pm2_5': {'start': '2022-03-22 22:01:00', 'end': '2022-03-23 22:00:00', 'value': 17.4, 'num_readings': 96, 'percentage_capture': 100, 'rating': 2}, 'no2': {'start': '2022-03-23 21:01:00', 'end': '2022-03-23 22:00:00', 'value': 27.72, 'num_readings': 4, 'percentage_capture': 100, 'rating': 1}, 'co': {'start': '2022-03-23 21:01:00', 'end': '2022-03-23 22:00:00', 'value': 1.3599999999999999, 'num_readings': 4, 'percentage_capture': 100, 'rating': None}}",51022,2,333372120.0,2399.0,2022-03-23 22:45:00,27.0387,22.1107,15.3296,,,1.2361,23-03-2022,22:45,4006.0,1 hour,green
80,3397,Station 102,"Edenderry Library, Co. Offaly",53.3425,-7.0475,EPA-102,EPA-102,0000-00-00,25,333372148.0,"{'monitor_type_id': 25, 'name': 'Multiple', 'manufacturer': 'Multiple', 'category': 'air', 'sample_code': '', 'sample_serial_number': ''}","{'air_reading_id': 333372148, 'monitor_id': 3397, 'project_id': 2399, 'recorded_at': '2022-03-23 23:00:00', 'pm10': 41.876, 'pm2_5': 36.4699, 'no2': 15.5507, 'o3': None, 'so2': 7.4475999999999996, 'co': None, 'date': '23-03-2022', 'time': '23:00', 'secs_since': 3106, 'time_since': '51 mins', 'status': 'green'}","{'pm10': {'start': '2022-03-22 23:01:00', 'end': '2022-03-23 23:00:00', 'value': 36.37, 'num_readings': 96, 'percentage_capture': 100, 'rating': 3}, 'pm2_5': {'start': '2022-03-22 23:01:00', 'end': '2022-03-23 23:00:00', 'value': 28.66, 'num_readings': 96, 'percentage_capture': 100, 'rating': 3}, 'no2': {'start': '2022-03-23 22:01:00', 'end': '2022-03-23 23:00:00', 'value': 18.28, 'num_readings': 4, 'percentage_capture': 100, 'rating': 1}, 'so2': {'start': '2022-03-23 22:01:00', 'end': '2022-03-23 23:00:00', 'value': 7.62, 'num_readings': 4, 'percentage_capture': 100, 'rating': 1}}",19574,3,333372148.0,2399.0,2022-03-23 23:00:00,41.876,36.4699,15.5507,,7.4475999999999996,,23-03-2022,23:00,3106.0,51 mins,green
81,2083,TNO3948,"Tullamore, Co. Offaly",53.273135,-7.4966531,TNO3948,TNO3948,0000-00-00,19,333380400.0,"{'monitor_type_id': 19, 'name': 'Osiris', 'manufacturer': 'Turnkey', 'category': 'air', 'sample_code': 'TNO1234', 'sample_serial_number': 'TNO1234'}","{'air_reading_id': 333380400, 'monitor_id': 2083, 'project_id': 2497, 'recorded_at': '2022-03-23 23:45:00', 'pm10': 11.4, 'pm2_5': 8.32, 'no2': None, 'o3': None, 'so2': None, 'co': None, 'date': '23-03-2022', 'time': '23:45', 'secs_since': 406, 'time_since': '6 mins', 'status': 'green'}","{'pm10': {'start': '2022-03-22 23:01:00', 'end': '2022-03-23 23:00:00', 'value': 10.7, 'num_readings': 95, 'percentage_capture': 98, 'rating': 1}, 'pm2_5': {'start': '2022-03-22 23:01:00', 'end': '2022-03-23 23:00:00', 'value': 7.31, 'num_readings': 95, 'percentage_capture': 98, 'rating': 1}}",73071,1,333380400.0,2497.0,2022-03-23 23:45:00,11.4,8.32,,,,,23-03-2022,23:45,406.0,6 mins,green
82,1995,Station 53,Roscommon Town,53.629979,-8.194658,EPA-53,EPA-53,0000-00-00,23,333372045.0,"{'monitor_type_id': 23, 'name': 'Fidas 200', 'manufacturer': 'Palas', 'category': 'air', 'sample_code': '', 'sample_serial_number': ''}","{'air_reading_id': 333372045, 'monitor_id': 1995, 'project_id': 2399, 'recorded_at': '2022-03-23 23:15:00', 'pm10': 22.73, 'pm2_5': 16.66, 'no2': None, 'o3': None, 'so2': None, 'co': None, 'date': '23-03-2022', 'time': '23:15', 'secs_since': 2206, 'time_since': '36 mins', 'status': 'green'}","{'pm10': {'start': '2022-03-22 23:01:00', 'end': '2022-03-23 23:00:00', 'value': 26.37, 'num_readings': 96, 'percentage_capture': 100, 'rating': 2}, 'pm2_5': {'start': '2022-03-22 23:01:00', 'end': '2022-03-23 23:00:00', 'value': 19.32, 'num_readings': 96, 'percentage_capture': 100, 'rating': 2}}",65916,2,333372045.0,2399.0,2022-03-23 23:15:00,22.73,16.66,,,,,23-03-2022,23:15,2206.0,36 mins,green
83,2244,Station 77 (Currently Off-line),Sligo Town,54.27296,-8.480431,EPA-77,EPA-77,0000-00-00,25,293354655.0,"{'monitor_type_id': 25, 'name': 'Multiple', 'manufacturer': 'Multiple', 'category': 'air', 'sample_code': '', 'sample_serial_number': ''}","{'air_reading_id': 293354655, 'monitor_id': 2244, 'project_id': 2399, 'recorded_at': '2021-12-10 08:00:00', 'pm10': 15.5862, 'pm2_5': 6.7557, 'no2': 6.2836, 'o3': None, 'so2': None, 'co': None, 'date': '10-12-2021', 'time': '08:00', 'secs_since': 8956306, 'time_since': '3 months', 'status': 'red'}","{'pm10': {'start': '2021-12-09 08:01:00', 'end': '2021-12-10 08:00:00', 'value': 113.83, 'num_readings': 30, 'percentage_capture': 31}, 'pm2_5': {'start': '2021-12-09 08:01:00', 'end': '2021-12-10 08:00:00', 'value': 107.91, 'num_readings': 30, 'percentage_capture': 31}, 'no2': {'start': '2021-12-10 07:01:00', 'end': '2021-12-10 08:00:00', 'value': 8.24, 'num_readings': 2, 'percentage_capture': 50}}",45682,0,293354655.0,2399.0,2021-12-10 08:00:00,15.5862,6.7557,6.2836,,,,10-12-2021,08:00,8956306.0,3 months,red
84,2017,Station 75,"Clonmel, Co. Tipperary",52.354598,-7.698412,EPA-75,EPA-75,0000-00-00,23,333372110.0,"{'monitor_type_id': 23, 'name': 'Fidas 200', 'manufacturer': 'Palas', 'category': 'air', 'sample_code': '', 'sample_serial_number': ''}","{'air_reading_id': 333372110, 'monitor_id': 2017, 'project_id': 2399, 'recorded_at': '2022-03-23 23:15:00', 'pm10': 31.3, 'pm2_5': 24.3, 'no2': None, 'o3': None, 'so2': None, 'co': None, 'date': '23-03-2022', 'time': '23:15', 'secs_since': 2206, 'time_since': '36 mins', 'status': 'green'}","{'pm10': {'start': '2022-03-22 23:01:00', 'end': '2022-03-23 23:00:00', 'value': 24.97, 'num_readings': 96, 'percentage_capture': 100, 'rating': 2}, 'pm2_5': {'start': '2022-03-22 23:01:00', 'end': '2022-03-23 23:00:00', 'value': 17.39, 'num_readings': 96, 'percentage_capture': 100, 'rating': 2}}",65443,2,333372110.0,2399.0,2022-03-23 23:15:00,31.3,24.3,,,,,23-03-2022,23:15,2206.0,36 mins,green
85,2080,A-TNO3957 (Communication Issue),"Nenagh, Co. Tipperary",52.86845,-8.20581,A-TNO3957,A-TNO3957,0000-00-00,19,243215357.0,"{'monitor_type_id': 19, 'name': 'Osiris', 'manufacturer': 'Turnkey', 'category': 'air', 'sample_code': 'TNO1234', 'sample_serial_number': 'TNO1234'}","{'air_reading_id': 243215357, 'monitor_id': 2080, 'project_id': 2497, 'recorded_at': '2021-07-14 16:30:00', 'pm10': 4, 'pm2_5': 1.09, 'no2': None, 'o3': None, 'so2': None, 'co': None, 'date': '14-07-2021', 'time': '16:30', 'secs_since': 21802906, 'time_since': '9 months', 'status': 'red'}",,33282,0,243215357.0,2497.0,2021-07-14 16:30:00,4.0,1.09,,,,,14-07-2021,16:30,21802906.0,9 months,red
86,2008,Station 66,Tipperary Town,52.47934,-8.157014,EPA-66,EPA-66,0000-00-00,23,333375825.0,"{'monitor_type_id': 23, 'name': 'Fidas 200', 'manufacturer': 'Palas', 'category': 'air', 'sample_code': '', 'sample_serial_number': ''}","{'air_reading_id': 333375825, 'monitor_id': 2008, 'project_id': 2399, 'recorded_at': '2022-03-23 23:30:00', 'pm10': 29.71, 'pm2_5': 23.19, 'no2': None, 'o3': None, 'so2': None, 'co': None, 'date': '23-03-2022', 'time': '23:30', 'secs_since': 1306, 'time_since': '21 mins', 'status': 'green'}","{'pm10': {'start': '2022-03-22 23:01:00', 'end': '2022-03-23 23:00:00', 'value': 29.37, 'num_readings': 96, 'percentage_capture': 100, 'rating': 2}, 'pm2_5': {'start': '2022-03-22 23:01:00', 'end': '2022-03-23 23:00:00', 'value': 20.92, 'num_readings': 96, 'percentage_capture': 100, 'rating': 2}}",66540,2,333375825.0,2399.0,2022-03-23 23:30:00,29.71,23.19,,,,,23-03-2022,23:30,1306.0,21 mins,green
87,2001,Station 59,"Brownes Road, Waterford",52.246975,-7.141646,EPA-59,EPA-59,0000-00-00,25,333379205.0,"{'monitor_type_id': 25, 'name': 'Multiple', 'manufacturer': 'Multiple', 'category': 'air', 'sample_code': '', 'sample_serial_number': ''}","{'air_reading_id': 333379205, 'monitor_id': 2001, 'project_id': 2399, 'recorded_at': '2022-03-23 22:30:00', 'pm10': 96.6598, 'pm2_5': 84.5898, 'no2': 57.3368, 'o3': 12.3778, 'so2': None, 'co': None, 'date': '23-03-2022', 'time': '22:30', 'secs_since': 4906, 'time_since': '1 hour', 'status': 'green'}","{'pm10': {'start': '2022-03-22 22:01:00', 'end': '2022-03-23 22:00:00', 'value': 38.88, 'num_readings': 96, 'percentage_capture': 100, 'rating': 3}, 'pm2_5': {'start': '2022-03-22 22:01:00', 'end': '2022-03-23 22:00:00', 'value': 27.71, 'num_readings': 96, 'percentage_capture': 100, 'rating': 3}, 'o3': {'start': '2022-03-23 14:01:00', 'end': '2022-03-23 22:00:00', 'value': 77.8, 'num_readings': 32, 'percentage_capture': 100, 'rating': 3}, 'no2': {'start': '2022-03-23 21:01:00', 'end': '2022-03-23 22:00:00', 'value': 61.07, 'num_readings': 4, 'percentage_capture': 100, 'rating': 1}}",64609,3,333379205.0,2399.0,2022-03-23 22:30:00,96.6598,84.5898,57.3368,12.3778,,,23-03-2022,22:30,4906.0,1 hour,green
88,2081,TNO3946,"Dungarvan, Co. Waterford",52.090561,-7.620018,TNO3946,TNO3946,0000-00-00,19,333380378.0,"{'monitor_type_id': 19, 'name': 'Osiris', 'manufacturer': 'Turnkey', 'category': 'air', 'sample_code': 'TNO1234', 'sample_serial_number': 'TNO1234'}","{'air_reading_id': 333380378, 'monitor_id': 2081, 'project_id': 2497, 'recorded_at': '2022-03-23 23:45:00', 'pm10': 13.7, 'pm2_5': 8.74, 'no2': None, 'o3': None, 'so2': None, 'co': None, 'date': '23-03-2022', 'time': '23:45', 'secs_since': 406, 'time_since': '6 mins', 'status': 'green'}","{'pm10': {'start': '2022-03-22 23:01:00', 'end': '2022-03-23 23:00:00', 'value': 21.74, 'num_readings': 95, 'percentage_capture': 98, 'rating': 2}, 'pm2_5': {'start': '2022-03-22 23:01:00', 'end': '2022-03-23 23:00:00', 'value': 15.15, 'num_readings': 95, 'percentage_capture': 98, 'rating': 2}}",69621,2,333380378.0,2497.0,2022-03-23 23:45:00,13.7,8.74,,,,,23-03-2022,23:45,406.0,6 mins,green
89,2012,Station 70,"Athlone Civic Centre & Library, Co. Westmeath",53.424323,-7.937372,EPA-70,EPA-70,0000-00-00,23,333372097.0,"{'monitor_type_id': 23, 'name': 'Fidas 200', 'manufacturer': 'Palas', 'category': 'air', 'sample_code': '', 'sample_serial_number': ''}","{'air_reading_id': 333372097, 'monitor_id': 2012, 'project_id': 2399, 'recorded_at': '2022-03-23 23:00:00', 'pm10': 25.23, 'pm2_5': 18.68, 'no2': None, 'o3': None, 'so2': None, 'co': None, 'date': '23-03-2022', 'time': '23:00', 'secs_since': 3106, 'time_since': '51 mins', 'status': 'green'}","{'pm10': {'start': '2022-03-22 23:01:00', 'end': '2022-03-23 23:00:00', 'value': 21.32, 'num_readings': 96, 'percentage_capture': 100, 'rating': 2}, 'pm2_5': {'start': '2022-03-22 23:01:00', 'end': '2022-03-23 23:00:00', 'value': 15.52, 'num_readings': 96, 'percentage_capture': 100, 'rating': 2}}",64026,2,333372097.0,2399.0,2022-03-23 23:00:00,25.23,18.68,,,,,23-03-2022,23:00,3106.0,51 mins,green
90,2091,TNO4159,"Mullingar, Co. Westmeath",53.525156,-7.337529,TNO4159,TNO4159,0000-00-00,19,333380430.0,"{'monitor_type_id': 19, 'name': 'Osiris', 'manufacturer': 'Turnkey', 'category': 'air', 'sample_code': 'TNO1234', 'sample_serial_number': 'TNO1234'}","{'air_reading_id': 333380430, 'monitor_id': 2091, 'project_id': 2497, 'recorded_at': '2022-03-23 23:45:00', 'pm10': 13, 'pm2_5': 10.56, 'no2': None, 'o3': None, 'so2': None, 'co': None, 'date': '23-03-2022', 'time': '23:45', 'secs_since': 406, 'time_since': '6 mins', 'status': 'green'}","{'pm10': {'start': '2022-03-22 23:01:00', 'end': '2022-03-23 23:00:00', 'value': 10.74, 'num_readings': 95, 'percentage_capture': 98, 'rating': 1}, 'pm2_5': {'start': '2022-03-22 23:01:00', 'end': '2022-03-23 23:00:00', 'value': 8.06, 'num_readings': 95, 'percentage_capture': 98, 'rating': 1}}",50802,1,333380430.0,2497.0,2022-03-23 23:45:00,13.0,10.56,,,,,23-03-2022,23:45,406.0,6 mins,green
91,1976,Station 28,"Carnsore Point, Co. Wexford",52.173126,-6.363652,EPA-28,EPA-28,0000-00-00,25,333375822.0,"{'monitor_type_id': 25, 'name': 'Multiple', 'manufacturer': 'Multiple', 'category': 'air', 'sample_code': '', 'sample_serial_number': ''}","{'air_reading_id': 333375822, 'monitor_id': 1976, 'project_id': 2399, 'recorded_at': '2022-03-23 22:00:00', 'pm10': None, 'pm2_5': None, 'no2': None, 'o3': 60.8689, 'so2': None, 'co': None, 'date': '23-03-2022', 'time': '22:00', 'secs_since': 6706, 'time_since': '1 hour', 'status': 'green'}","{'o3': {'start': '2022-03-23 14:01:00', 'end': '2022-03-23 22:00:00', 'value': 80.07, 'num_readings': 8, 'percentage_capture': 100, 'rating': 3}}",15354,3,333375822.0,2399.0,2022-03-23 22:00:00,,,,60.8689,,,23-03-2022,22:00,6706.0,1 hour,green
92,1972,Station 24,"Enniscorthy, Co. Wexford",52.50049,-6.57034,EPA-24,EPA-24,0000-00-00,23,333371994.0,"{'monitor_type_id': 23, 'name': 'Fidas 200', 'manufacturer': 'Palas', 'category': 'air', 'sample_code': '', 'sample_serial_number': ''}","{'air_reading_id': 333371994, 'monitor_id': 1972, 'project_id': 2399, 'recorded_at': '2022-03-23 23:00:00', 'pm10': 49.43, 'pm2_5': 40.34, 'no2': None, 'o3': None, 'so2': None, 'co': None, 'date': '23-03-2022', 'time': '23:00', 'secs_since': 3106, 'time_since': '51 mins', 'status': 'green'}","{'pm10': {'start': '2022-03-22 23:01:00', 'end': '2022-03-23 23:00:00', 'value': 50.93, 'num_readings': 96, 'percentage_capture': 100, 'rating': 4}, 'pm2_5': {'start': '2022-03-22 23:01:00', 'end': '2022-03-23 23:00:00', 'value': 42.34, 'num_readings': 96, 'percentage_capture': 100, 'rating': 5}}",66605,4,333371994.0,2399.0,2022-03-23 23:00:00,49.43,40.34,,,,,23-03-2022,23:00,3106.0,51 mins,green
93,2099,TNT1516 [Undergoing Calibration],"Gorey, Co. Wexford",52.67628,-6.28569,TNT1516,TNT1516,0000-00-00,27,189644855.0,"{'monitor_type_id': 27, 'name': 'Topas', 'manufacturer': 'Turnkey', 'category': 'air', 'sample_code': 'TNT1234', 'sample_serial_number': 'TNT1234'}","{'air_reading_id': 189644855, 'monitor_id': 2099, 'project_id': 2497, 'recorded_at': '2021-01-21 10:20:00', 'pm10': 1.2, 'pm2_5': 0.62, 'no2': None, 'o3': None, 'so2': None, 'co': None, 'date': '21-01-2021', 'time': '10:20', 'secs_since': 36855106, 'time_since': '15 months', 'status': 'red'}","{'pm10': {'start': '2021-01-20 10:01:00', 'end': '2021-01-21 10:00:00', 'value': 0.77, 'num_readings': 81, 'percentage_capture': 84}, 'pm2_5': {'start': '2021-01-20 10:01:00', 'end': '2021-01-21 10:00:00', 'value': 0.41000000000000003, 'num_readings': 81, 'percentage_capture': 84}}",14147,0,189644855.0,2497.0,2021-01-21 10:20:00,1.2,0.62,,,,,21-01-2021,10:20,36855106.0,15 months,red
94,2098,TNT1506 (Undergoing Calibration),"New Ross, Co. Wexford",52.389711,-6.943624,TNT1506,TNT1506,0000-00-00,27,273158418.0,"{'monitor_type_id': 27, 'name': 'Topas', 'manufacturer': 'Turnkey', 'category': 'air', 'sample_code': 'TNT1234', 'sample_serial_number': 'TNT1234'}","{'air_reading_id': 273158418, 'monitor_id': 2098, 'project_id': 2497, 'recorded_at': '2021-10-13 13:30:00', 'pm10': 6.8, 'pm2_5': 1.47, 'no2': None, 'o3': None, 'so2': None, 'co': None, 'date': '13-10-2021', 'time': '13:30', 'secs_since': 13951307, 'time_since': '5 months', 'status': 'red'}",,61952,0,273158418.0,2497.0,2021-10-13 13:30:00,6.8,1.47,,,,,13-10-2021,13:30,13951307.0,5 months,red
95,2097,TNT1505 [Undergoing Calibration],"Talbot Green, Wexford",52.332566,-6.467005,TNT1505,TNT1505,0000-00-00,27,172728779.0,"{'monitor_type_id': 27, 'name': 'Topas', 'manufacturer': 'Turnkey', 'category': 'air', 'sample_code': 'TNT1234', 'sample_serial_number': 'TNT1234'}","{'air_reading_id': 172728779, 'monitor_id': 2097, 'project_id': 2497, 'recorded_at': '2020-11-20 21:25:00', 'pm10': 26, 'pm2_5': 20.98, 'no2': None, 'o3': None, 'so2': None, 'co': None, 'date': '20-11-2020', 'time': '21:25', 'secs_since': 42172007, 'time_since': '17 months', 'status': 'red'}","{'pm10': {'start': '2020-11-19 21:01:00', 'end': '2020-11-20 21:00:00', 'value': 15.95, 'num_readings': 287, 'percentage_capture': 298}, 'pm2_5': {'start': '2020-11-19 21:01:00', 'end': '2020-11-20 21:00:00', 'value': 12.53, 'num_readings': 287, 'percentage_capture': 298}}",12182,0,172728779.0,2497.0,2020-11-20 21:25:00,26.0,20.98,,,,,20-11-2020,21:25,42172007.0,17 months,red
96,2005,Station 63,Wexford Opera House,52.338033,-6.462139,EPA-63,EPA-63,0000-00-00,23,333372080.0,"{'monitor_type_id': 23, 'name': 'Fidas 200', 'manufacturer': 'Palas', 'category': 'air', 'sample_code': '', 'sample_serial_number': ''}","{'air_reading_id': 333372080, 'monitor_id': 2005, 'project_id': 2399, 'recorded_at': '2022-03-23 23:00:00', 'pm10': 57.18, 'pm2_5': 50.85, 'no2': None, 'o3': None, 'so2': None, 'co': None, 'date': '23-03-2022', 'time': '23:00', 'secs_since': 3107, 'time_since': '51 mins', 'status': 'green'}","{'pm10': {'start': '2022-03-22 23:01:00', 'end': '2022-03-23 23:00:00', 'value': 36.2, 'num_readings': 96, 'percentage_capture': 100, 'rating': 3}, 'pm2_5': {'start': '2022-03-22 23:01:00', 'end': '2022-03-23 23:00:00', 'value': 26.8, 'num_readings': 96, 'percentage_capture': 100, 'rating': 3}}",63099,2,333372080.0,2399.0,2022-03-23 23:00:00,57.18,50.85,,,,,23-03-2022,23:00,3107.0,51 mins,green
97,1965,Station 13,"Bray, Co. Wicklow",53.187251,-6.121964,EPA-13,EPA-13,0000-00-00,25,333306502.0,"{'monitor_type_id': 25, 'name': 'Multiple', 'manufacturer': 'Multiple', 'category': 'air', 'sample_code': '', 'sample_serial_number': ''}","{'air_reading_id': 333306502, 'monitor_id': 1965, 'project_id': 2399, 'recorded_at': '2022-03-23 18:30:00', 'pm10': None, 'pm2_5': 14, 'no2': None, 'o3': 80.307, 'so2': None, 'co': None, 'date': '23-03-2022', 'time': '18:30', 'secs_since': 19307, 'time_since': '5 hours', 'status': 'green'}","{'pm2_5': {'start': '2022-03-22 18:01:00', 'end': '2022-03-23 18:00:00', 'value': 15.67, 'num_readings': 96, 'percentage_capture': 100, 'rating': 2}, 'o3': {'start': '2022-03-23 10:01:00', 'end': '2022-03-23 18:00:00', 'value': 88.33, 'num_readings': 32, 'percentage_capture': 100, 'rating': 3}}",66027,3,333306502.0,2399.0,2022-03-23 18:30:00,,14.0,,80.307,,,23-03-2022,18:30,19307.0,5 hours,green
98,3269,Station 101,Greystones Fire Station,53.149794,-6.070582,EPA-101,EPA-101,,23,333372144.0,"{'monitor_type_id': 23, 'name': 'Fidas 200', 'manufacturer': 'Palas', 'category': 'air', 'sample_code': '', 'sample_serial_number': ''}","{'air_reading_id': 333372144, 'monitor_id': 3269, 'project_id': 2399, 'recorded_at': '2022-03-23 23:00:00', 'pm10': 34.56, 'pm2_5': 27.02, 'no2': None, 'o3': None, 'so2': None, 'co': None, 'date': '23-03-2022', 'time': '23:00', 'secs_since': 3107, 'time_since': '51 mins', 'status': 'green'}","{'pm10': {'start': '2022-03-22 23:01:00', 'end': '2022-03-23 23:00:00', 'value': 27.39, 'num_readings': 96, 'percentage_capture': 100, 'rating': 2}, 'pm2_5': {'start': '2022-03-22 23:01:00', 'end': '2022-03-23 23:00:00', 'value': 19.74, 'num_readings': 96, 'percentage_capture': 100, 'rating': 2}}",25513,2,333372144.0,2399.0,2022-03-23 23:00:00,34.56,27.02,,,,,23-03-2022,23:00,3107.0,51 mins,green
